Product Name,Product Desc,PI File,C1 Desc,C1 MSDS,C2 Desc,C2 MSDS,C3 Desc,C3 MSDS,C4 Desc,C4 MSDS,Manufacturer,Finish Type,Category
,,,,,,,,,,,,,
Federal Standard 595 Type I Colors Available,,,,,,,,,,,,,
Gloss Clear,646-58-9000,All Suppliers -TB and MSDS\AKZO\PI\58 Series.pdf,,,,,,,,,AkzoNobel,Gloss,"Mil-PRF-85285E, Type I"
FS 10032,646-58-0032,All Suppliers -TB and MSDS\AKZO\PI\58 Series.pdf,,,,,,,,,AkzoNobel,Gloss,"Mil-PRF-85285E, Type I"
FS 10080,646-58-0080,All Suppliers -TB and MSDS\AKZO\PI\58 Series.pdf,,,,,,,,,AkzoNobel,Gloss,"Mil-PRF-85285E, Type I"
FS 10219,646-58-0219,All Suppliers -TB and MSDS\AKZO\PI\58 Series.pdf,,,,,,,,,AkzoNobel,Gloss,"Mil-PRF-85285E, Type I"
Snowbird Red,,All Suppliers -TB and MSDS\AKZO\PI\58 Series.pdf,,,,,,,,,AkzoNobel,Gloss,"Mil-PRF-85285E, Type I"
FS 11086,646-58-1086,All Suppliers -TB and MSDS\AKZO\PI\58 Series.pdf,,,,,,,,,AkzoNobel,Gloss,"Mil-PRF-85285E, Type I"
FS 11105,646-58-1105,All Suppliers -TB and MSDS\AKZO\PI\58 Series.pdf,,,,,,,,,AkzoNobel,Gloss,"Mil-PRF-85285E, Type I"
FS 11120,646-58-1120,All Suppliers -TB and MSDS\AKZO\PI\58 Series.pdf,,,,,,,,,AkzoNobel,Gloss,"Mil-PRF-85285E, Type I"
FS 11136,646-58-1136,All Suppliers -TB and MSDS\AKZO\PI\58 Series.pdf,,,,,,,,,AkzoNobel,Gloss,"Mil-PRF-85285E, Type I"
FS 11140,646-58-1140,All Suppliers -TB and MSDS\AKZO\PI\58 Series.pdf,,,,,,,,,AkzoNobel,Gloss,"Mil-PRF-85285E, Type I"
FS 11302,646-58-1302,All Suppliers -TB and MSDS\AKZO\PI\58 Series.pdf,,,,,,,,,AkzoNobel,Gloss,"Mil-PRF-85285E, Type I"
FS 11310,646-58-1310,All Suppliers -TB and MSDS\AKZO\PI\58 Series.pdf,,,,,,,,,AkzoNobel,Gloss,"Mil-PRF-85285E, Type I"
FS 11328,646-58-1328,All Suppliers -TB and MSDS\AKZO\PI\58 Series.pdf,,,,,,,,,AkzoNobel,Gloss,"Mil-PRF-85285E, Type I"
FS 11350,646-58-1350,All Suppliers -TB and MSDS\AKZO\PI\58 Series.pdf,,,,,,,,,AkzoNobel,Gloss,"Mil-PRF-85285E, Type I"
Red BS 1538,,All Suppliers -TB and MSDS\AKZO\PI\58 Series.pdf,,,,,,,,,AkzoNobel,Gloss,"Mil-PRF-85285E, Type I"
FS 12197,646-58-2197,All Suppliers -TB and MSDS\AKZO\PI\58 Series.pdf,,,,,,,,,AkzoNobel,Gloss,"Mil-PRF-85285E, Type I"
FS 12199,646-58-2199,All Suppliers -TB and MSDS\AKZO\PI\58 Series.pdf,,,,,,,,,AkzoNobel,Gloss,"Mil-PRF-85285E, Type I"
FS 12215,646-58-2215,All Suppliers -TB and MSDS\AKZO\PI\58 Series.pdf,,,,,,,,,AkzoNobel,Gloss,"Mil-PRF-85285E, Type I"
FS 12246,646-58-2246,All Suppliers -TB and MSDS\AKZO\PI\58 Series.pdf,,,,,,,,,AkzoNobel,Gloss,"Mil-PRF-85285E, Type I"
FS 12250,646-58-2250,All Suppliers -TB and MSDS\AKZO\PI\58 Series.pdf,,,,,,,,,AkzoNobel,Gloss,"Mil-PRF-85285E, Type I"
FS 12300,646-58-2300,All Suppliers -TB and MSDS\AKZO\PI\58 Series.pdf,,,,,,,,,AkzoNobel,Gloss,"Mil-PRF-85285E, Type I"
FS 13432,646-58-3432,All Suppliers -TB and MSDS\AKZO\PI\58 Series.pdf,,,,,,,,,AkzoNobel,Gloss,"Mil-PRF-85285E, Type I"
FS 13507,646-58-3507,All Suppliers -TB and MSDS\AKZO\PI\58 Series.pdf,,,,,,,,,AkzoNobel,Gloss,"Mil-PRF-85285E, Type I"
FS 13538,646-58-3538,All Suppliers -TB and MSDS\AKZO\PI\58 Series.pdf,,,,,,,,,AkzoNobel,Gloss,"Mil-PRF-85285E, Type I"
FS 13591,646-58-3591,All Suppliers -TB and MSDS\AKZO\PI\58 Series.pdf,,,,,,,,,AkzoNobel,Gloss,"Mil-PRF-85285E, Type I"
Light Stone,,All Suppliers -TB and MSDS\AKZO\PI\58 Series.pdf,,,,,,,,,AkzoNobel,Gloss,"Mil-PRF-85285E, Type I"
FS 13637,646-58-3637,All Suppliers -TB and MSDS\AKZO\PI\58 Series.pdf,,,,,,,,,AkzoNobel,Gloss,"Mil-PRF-85285E, Type I"
FS 13655,646-58-3655,All Suppliers -TB and MSDS\AKZO\PI\58 Series.pdf,,,,,,,,,AkzoNobel,Gloss,"Mil-PRF-85285E, Type I"
Gold Base,,All Suppliers -TB and MSDS\AKZO\PI\58 Series.pdf,,,,,,,,,AkzoNobel,Gloss,"Mil-PRF-85285E, Type I"
FS 13670,646-58-3670,All Suppliers -TB and MSDS\AKZO\PI\58 Series.pdf,,,,,,,,,AkzoNobel,Gloss,"Mil-PRF-85285E, Type I"
FS 14052,646-58-4052,All Suppliers -TB and MSDS\AKZO\PI\58 Series.pdf,,,,,,,,,AkzoNobel,Gloss,"Mil-PRF-85285E, Type I"
FS 14056,646-58-4056,All Suppliers -TB and MSDS\AKZO\PI\58 Series.pdf,,,,,,,,,AkzoNobel,Gloss,"Mil-PRF-85285E, Type I"
FS 14062,646-58-4062,All Suppliers -TB and MSDS\AKZO\PI\58 Series.pdf,,,,,,,,,AkzoNobel,Gloss,"Mil-PRF-85285E, Type I"
FS 14079,646-58-4079,All Suppliers -TB and MSDS\AKZO\PI\58 Series.pdf,,,,,,,,,AkzoNobel,Gloss,"Mil-PRF-85285E, Type I"
FS 14081,646-58-4081,All Suppliers -TB and MSDS\AKZO\PI\58 Series.pdf,,,,,,,,,AkzoNobel,Gloss,"Mil-PRF-85285E, Type I"
FS 14090,646-58-4090,All Suppliers -TB and MSDS\AKZO\PI\58 Series.pdf,,,,,,,,,AkzoNobel,Gloss,"Mil-PRF-85285E, Type I"
FS 14092,646-58-4092,All Suppliers -TB and MSDS\AKZO\PI\58 Series.pdf,,,,,,,,,AkzoNobel,Gloss,"Mil-PRF-85285E, Type I"
FS 14094,646-58-4094,All Suppliers -TB and MSDS\AKZO\PI\58 Series.pdf,,,,,,,,,AkzoNobel,Gloss,"Mil-PRF-85285E, Type I"
FS 14097,646-58-4097,All Suppliers -TB and MSDS\AKZO\PI\58 Series.pdf,,,,,,,,,AkzoNobel,Gloss,"Mil-PRF-85285E, Type I"
FS 14102,646-58-4102,All Suppliers -TB and MSDS\AKZO\PI\58 Series.pdf,,,,,,,,,AkzoNobel,Gloss,"Mil-PRF-85285E, Type I"
FS 14110,646-58-4110,All Suppliers -TB and MSDS\AKZO\PI\58 Series.pdf,,,,,,,,,AkzoNobel,Gloss,"Mil-PRF-85285E, Type I"
FS 14151,646-58-4151,All Suppliers -TB and MSDS\AKZO\PI\58 Series.pdf,,,,,,,,,AkzoNobel,Gloss,"Mil-PRF-85285E, Type I"
FS 14187,646-58-4187,All Suppliers -TB and MSDS\AKZO\PI\58 Series.pdf,,,,,,,,,AkzoNobel,Gloss,"Mil-PRF-85285E, Type I"
FS 14193,646-58-4193,All Suppliers -TB and MSDS\AKZO\PI\58 Series.pdf,,,,,,,,,AkzoNobel,Gloss,"Mil-PRF-85285E, Type I"
FS 14257,646-58-4257,All Suppliers -TB and MSDS\AKZO\PI\58 Series.pdf,,,,,,,,,AkzoNobel,Gloss,"Mil-PRF-85285E, Type I"
FS 14260,646-58-4260,All Suppliers -TB and MSDS\AKZO\PI\58 Series.pdf,,,,,,,,,AkzoNobel,Gloss,"Mil-PRF-85285E, Type I"
Air Force Blue,,All Suppliers -TB and MSDS\AKZO\PI\58 Series.pdf,,,,,,,,,AkzoNobel,Gloss,"Mil-PRF-85285E, Type I"
FS 15042,646-58-5042,All Suppliers -TB and MSDS\AKZO\PI\58 Series.pdf,,,,,,,,,AkzoNobel,Gloss,"Mil-PRF-85285E, Type I"
FS 15044,646-58-5044,All Suppliers -TB and MSDS\AKZO\PI\58 Series.pdf,,,,,,,,,AkzoNobel,Gloss,"Mil-PRF-85285E, Type I"
FS 15045,646-58-5045,All Suppliers -TB and MSDS\AKZO\PI\58 Series.pdf,,,,,,,,,AkzoNobel,Gloss,"Mil-PRF-85285E, Type I"
FS 15048,646-58-5048,All Suppliers -TB and MSDS\AKZO\PI\58 Series.pdf,,,,,,,,,AkzoNobel,Gloss,"Mil-PRF-85285E, Type I"
FS 15050,646-58-5050,All Suppliers -TB and MSDS\AKZO\PI\58 Series.pdf,,,,,,,,,AkzoNobel,Gloss,"Mil-PRF-85285E, Type I"
FS 15052,646-58-5052,All Suppliers -TB and MSDS\AKZO\PI\58 Series.pdf,,,,,,,,,AkzoNobel,Gloss,"Mil-PRF-85285E, Type I"
FS 15055,646-58-5055,All Suppliers -TB and MSDS\AKZO\PI\58 Series.pdf,,,,,,,,,AkzoNobel,Gloss,"Mil-PRF-85285E, Type I"
FS 15056,646-58-5056,All Suppliers -TB and MSDS\AKZO\PI\58 Series.pdf,,,,,,,,,AkzoNobel,Gloss,"Mil-PRF-85285E, Type I"
FS 15065,646-58-5065,All Suppliers -TB and MSDS\AKZO\PI\58 Series.pdf,,,,,,,,,AkzoNobel,Gloss,"Mil-PRF-85285E, Type I"
FS 15092,646-58-5092,All Suppliers -TB and MSDS\AKZO\PI\58 Series.pdf,,,,,,,,,AkzoNobel,Gloss,"Mil-PRF-85285E, Type I"
FS 15095,646-58-5095,All Suppliers -TB and MSDS\AKZO\PI\58 Series.pdf,,,,,,,,,AkzoNobel,Gloss,"Mil-PRF-85285E, Type I"
FS 15102,646-58-5102,All Suppliers -TB and MSDS\AKZO\PI\58 Series.pdf,,,,,,,,,AkzoNobel,Gloss,"Mil-PRF-85285E, Type I"
FS 15123,646-58-5123,All Suppliers -TB and MSDS\AKZO\PI\58 Series.pdf,,,,,,,,,AkzoNobel,Gloss,"Mil-PRF-85285E, Type I"
FS 15164,646-58-5164,All Suppliers -TB and MSDS\AKZO\PI\58 Series.pdf,,,,,,,,,AkzoNobel,Gloss,"Mil-PRF-85285E, Type I"
FS 15180,646-58-5180,All Suppliers -TB and MSDS\AKZO\PI\58 Series.pdf,,,,,,,,,AkzoNobel,Gloss,"Mil-PRF-85285E, Type I"
FS 15182,646-58-5182,All Suppliers -TB and MSDS\AKZO\PI\58 Series.pdf,,,,,,,,,AkzoNobel,Gloss,"Mil-PRF-85285E, Type I"
FS 15183,646-58-5183,All Suppliers -TB and MSDS\AKZO\PI\58 Series.pdf,,,,,,,,,AkzoNobel,Gloss,"Mil-PRF-85285E, Type I"
FS 15184,646-58-5184,All Suppliers -TB and MSDS\AKZO\PI\58 Series.pdf,,,,,,,,,AkzoNobel,Gloss,"Mil-PRF-85285E, Type I"
FS 15187,646-58-5187,All Suppliers -TB and MSDS\AKZO\PI\58 Series.pdf,,,,,,,,,AkzoNobel,Gloss,"Mil-PRF-85285E, Type I"
FS 15190,646-58-5190,All Suppliers -TB and MSDS\AKZO\PI\58 Series.pdf,,,,,,,,,AkzoNobel,Gloss,"Mil-PRF-85285E, Type I"
FS 15193,646-58-5193,All Suppliers -TB and MSDS\AKZO\PI\58 Series.pdf,,,,,,,,,AkzoNobel,Gloss,"Mil-PRF-85285E, Type I"
FS 15200,646-58-5200,All Suppliers -TB and MSDS\AKZO\PI\58 Series.pdf,,,,,,,,,AkzoNobel,Gloss,"Mil-PRF-85285E, Type I"
FS 15231,646-58-5231,All Suppliers -TB and MSDS\AKZO\PI\58 Series.pdf,,,,,,,,,AkzoNobel,Gloss,"Mil-PRF-85285E, Type I"
FS 15237,646-58-5237,All Suppliers -TB and MSDS\AKZO\PI\58 Series.pdf,,,,,,,,,AkzoNobel,Gloss,"Mil-PRF-85285E, Type I"
Snowbird Blue,,All Suppliers -TB and MSDS\AKZO\PI\58 Series.pdf,,,,,,,,,AkzoNobel,Gloss,"Mil-PRF-85285E, Type I"
FS 15450,646-58-5450,All Suppliers -TB and MSDS\AKZO\PI\58 Series.pdf,,,,,,,,,AkzoNobel,Gloss,"Mil-PRF-85285E, Type I"
FS 15526,646-58-5526,All Suppliers -TB and MSDS\AKZO\PI\58 Series.pdf,,,,,,,,,AkzoNobel,Gloss,"Mil-PRF-85285E, Type I"
FS 15570,646-58-5570,All Suppliers -TB and MSDS\AKZO\PI\58 Series.pdf,,,,,,,,,AkzoNobel,Gloss,"Mil-PRF-85285E, Type I"
FS 16076,646-58-6076,All Suppliers -TB and MSDS\AKZO\PI\58 Series.pdf,,,,,,,,,AkzoNobel,Gloss,"Mil-PRF-85285E, Type I"
FS 16081,646-58-6081,All Suppliers -TB and MSDS\AKZO\PI\58 Series.pdf,,,,,,,,,AkzoNobel,Gloss,"Mil-PRF-85285E, Type I"
FS 16099,646-58-6099,All Suppliers -TB and MSDS\AKZO\PI\58 Series.pdf,,,,,,,,,AkzoNobel,Gloss,"Mil-PRF-85285E, Type I"
FS 16118,646-58-6118,All Suppliers -TB and MSDS\AKZO\PI\58 Series.pdf,,,,,,,,,AkzoNobel,Gloss,"Mil-PRF-85285E, Type I"
FS 16176,646-58-6176,All Suppliers -TB and MSDS\AKZO\PI\58 Series.pdf,,,,,,,,,AkzoNobel,Gloss,"Mil-PRF-85285E, Type I"
FS 16187,646-58-6187,All Suppliers -TB and MSDS\AKZO\PI\58 Series.pdf,,,,,,,,,AkzoNobel,Gloss,"Mil-PRF-85285E, Type I"
FS 16231,646-58-6231,All Suppliers -TB and MSDS\AKZO\PI\58 Series.pdf,,,,,,,,,AkzoNobel,Gloss,"Mil-PRF-85285E, Type I"
FS 16251,646-58-6251,All Suppliers -TB and MSDS\AKZO\PI\58 Series.pdf,,,,,,,,,AkzoNobel,Gloss,"Mil-PRF-85285E, Type I"
FS 16280,646-58-6280,All Suppliers -TB and MSDS\AKZO\PI\58 Series.pdf,,,,,,,,,AkzoNobel,Gloss,"Mil-PRF-85285E, Type I"
FS 16293,646-58-6293,All Suppliers -TB and MSDS\AKZO\PI\58 Series.pdf,,,,,,,,,AkzoNobel,Gloss,"Mil-PRF-85285E, Type I"
FS 16307,646-58-6307,All Suppliers -TB and MSDS\AKZO\PI\58 Series.pdf,,,,,,,,,AkzoNobel,Gloss,"Mil-PRF-85285E, Type I"
FS 16314,646-58-6314,All Suppliers -TB and MSDS\AKZO\PI\58 Series.pdf,,,,,,,,,AkzoNobel,Gloss,"Mil-PRF-85285E, Type I"
FS 16350,646-58-6350,All Suppliers -TB and MSDS\AKZO\PI\58 Series.pdf,,,,,,,,,AkzoNobel,Gloss,"Mil-PRF-85285E, Type I"
FS 16357,646-58-6357,All Suppliers -TB and MSDS\AKZO\PI\58 Series.pdf,,,,,,,,,AkzoNobel,Gloss,"Mil-PRF-85285E, Type I"
FS 16375,646-58-6375,All Suppliers -TB and MSDS\AKZO\PI\58 Series.pdf,,,,,,,,,AkzoNobel,Gloss,"Mil-PRF-85285E, Type I"
FS 16376,646-58-6376,All Suppliers -TB and MSDS\AKZO\PI\58 Series.pdf,,,,,,,,,AkzoNobel,Gloss,"Mil-PRF-85285E, Type I"
FS 16440,646-58-6440,All Suppliers -TB and MSDS\AKZO\PI\58 Series.pdf,,,,,,,,,AkzoNobel,Gloss,"Mil-PRF-85285E, Type I"
FS 16463,646-58-6463,All Suppliers -TB and MSDS\AKZO\PI\58 Series.pdf,,,,,,,,,AkzoNobel,Gloss,"Mil-PRF-85285E, Type I"
FS 16473,646-58-6473,All Suppliers -TB and MSDS\AKZO\PI\58 Series.pdf,,,,,,,,,AkzoNobel,Gloss,"Mil-PRF-85285E, Type I"
FS 16480,646-58-6480,All Suppliers -TB and MSDS\AKZO\PI\58 Series.pdf,,,,,,,,,AkzoNobel,Gloss,"Mil-PRF-85285E, Type I"
FS 16492,646-58-6492,All Suppliers -TB and MSDS\AKZO\PI\58 Series.pdf,,,,,,,,,AkzoNobel,Gloss,"Mil-PRF-85285E, Type I"
FS 16515,646-58-6515,All Suppliers -TB and MSDS\AKZO\PI\58 Series.pdf,,,,,,,,,AkzoNobel,Gloss,"Mil-PRF-85285E, Type I"
FS 16555,646-58-6555,All Suppliers -TB and MSDS\AKZO\PI\58 Series.pdf,,,,,,,,,AkzoNobel,Gloss,"Mil-PRF-85285E, Type I"
Dark Gray 11013,,All Suppliers -TB and MSDS\AKZO\PI\58 Series.pdf,,,,,,,,,AkzoNobel,Gloss,"Mil-PRF-85285E, Type I"
FS 17038,646-58-7038,All Suppliers -TB and MSDS\AKZO\PI\58 Series.pdf,,,,,,,,,AkzoNobel,Gloss,"Mil-PRF-85285E, Type I"
FS 17043,646-58-7043,All Suppliers -TB and MSDS\AKZO\PI\58 Series.pdf,,,,,,,,,AkzoNobel,Gloss,"Mil-PRF-85285E, Type I"
FS 17142,646-58-7142,All Suppliers -TB and MSDS\AKZO\PI\58 Series.pdf,,,,,,,,,AkzoNobel,Gloss,"Mil-PRF-85285E, Type I"
BAC 7589,,All Suppliers -TB and MSDS\AKZO\PI\58 Series.pdf,,,,,,,,,AkzoNobel,Gloss,"Mil-PRF-85285E, Type I"
FS 17769,646-58-7769,All Suppliers -TB and MSDS\AKZO\PI\58 Series.pdf,,,,,,,,,AkzoNobel,Gloss,"Mil-PRF-85285E, Type I"
FS 17778,646-58-7778,All Suppliers -TB and MSDS\AKZO\PI\58 Series.pdf,,,,,,,,,AkzoNobel,Gloss,"Mil-PRF-85285E, Type I"
FS 17860,646-58-7860,All Suppliers -TB and MSDS\AKZO\PI\58 Series.pdf,,,,,,,,,AkzoNobel,Gloss,"Mil-PRF-85285E, Type I"
FS 17875,646-58-7875,All Suppliers -TB and MSDS\AKZO\PI\58 Series.pdf,,,,,,,,,AkzoNobel,Gloss,"Mil-PRF-85285E, Type I"
FS 17886,646-58-7886,All Suppliers -TB and MSDS\AKZO\PI\58 Series.pdf,,,,,,,,,AkzoNobel,Gloss,"Mil-PRF-85285E, Type I"
FS 17925,646-58-7925,All Suppliers -TB and MSDS\AKZO\PI\58 Series.pdf,,,,,,,,,AkzoNobel,Gloss,"Mil-PRF-85285E, Type I"
White LAC-1078A,,All Suppliers -TB and MSDS\AKZO\PI\58 Series.pdf,,,,,,,,,AkzoNobel,Gloss,"Mil-PRF-85285E, Type I"
Matterhorn White,,All Suppliers -TB and MSDS\AKZO\PI\58 Series.pdf,,,,,,,,,AkzoNobel,Gloss,"Mil-PRF-85285E, Type I"
FS 18003,,All Suppliers -TB and MSDS\AKZO\PI\58 Series.pdf,,,,,,,,,AkzoNobel,Gloss,"Mil-PRF-85285E, Type I"
White,,All Suppliers -TB and MSDS\AKZO\PI\58 Series.pdf,,,,,,,,,AkzoNobel,Gloss,"Mil-PRF-85285E, Type I"
BAC 702,,All Suppliers -TB and MSDS\AKZO\PI\58 Series.pdf,,,,,,,,,AkzoNobel,Gloss,"Mil-PRF-85285E, Type I"
BAC 707,,All Suppliers -TB and MSDS\AKZO\PI\58 Series.pdf,,,,,,,,,AkzoNobel,Gloss,"Mil-PRF-85285E, Type I"
BAC 733,,All Suppliers -TB and MSDS\AKZO\PI\58 Series.pdf,,,,,,,,,AkzoNobel,Gloss,"Mil-PRF-85285E, Type I"
Honeywell White,,All Suppliers -TB and MSDS\AKZO\PI\58 Series.pdf,,,,,,,,,AkzoNobel,Gloss,"Mil-PRF-85285E, Type I"
Grimes Blue/Green,,All Suppliers -TB and MSDS\AKZO\PI\58 Series.pdf,,,,,,,,,AkzoNobel,Gloss,"Mil-PRF-85285E, Type I"
RAL 5013,,All Suppliers -TB and MSDS\AKZO\PI\58 Series.pdf,,,,,,,,,AkzoNobel,Gloss,"Mil-PRF-85285E, Type I"
Sky Blue 381C-101,,All Suppliers -TB and MSDS\AKZO\PI\58 Series.pdf,,,,,,,,,AkzoNobel,Gloss,"Mil-PRF-85285E, Type I"
Yellow Pantone 123,,All Suppliers -TB and MSDS\AKZO\PI\58 Series.pdf,,,,,,,,,AkzoNobel,Gloss,"Mil-PRF-85285E, Type I"
Green 381C-220,,All Suppliers -TB and MSDS\AKZO\PI\58 Series.pdf,,,,,,,,,AkzoNobel,Gloss,"Mil-PRF-85285E, Type I"
Blue Pantone 279C,,All Suppliers -TB and MSDS\AKZO\PI\58 Series.pdf,,,,,,,,,AkzoNobel,Gloss,"Mil-PRF-85285E, Type I"
Blue Pantone 280C,,All Suppliers -TB and MSDS\AKZO\PI\58 Series.pdf,,,,,,,,,AkzoNobel,Gloss,"Mil-PRF-85285E, Type I"
Blue G50010,,All Suppliers -TB and MSDS\AKZO\PI\58 Series.pdf,,,,,,,,,AkzoNobel,Gloss,"Mil-PRF-85285E, Type I"
Red G50012,,All Suppliers -TB and MSDS\AKZO\PI\58 Series.pdf,,,,,,,,,AkzoNobel,Gloss,"Mil-PRF-85285E, Type I"
Yellow RAL 1023,,All Suppliers -TB and MSDS\AKZO\PI\58 Series.pdf,,,,,,,,,AkzoNobel,Gloss,"Mil-PRF-85285E, Type I"
Olive Green,,All Suppliers -TB and MSDS\AKZO\PI\58 Series.pdf,,,,,,,,,AkzoNobel,Gloss,"Mil-PRF-85285E, Type I"
Red RAL 3020,,All Suppliers -TB and MSDS\AKZO\PI\58 Series.pdf,,,,,,,,,AkzoNobel,Gloss,"Mil-PRF-85285E, Type I"
Green RAL-6001,,All Suppliers -TB and MSDS\AKZO\PI\58 Series.pdf,,,,,,,,,AkzoNobel,Gloss,"Mil-PRF-85285E, Type I"
Green RAL 6012,,All Suppliers -TB and MSDS\AKZO\PI\58 Series.pdf,,,,,,,,,AkzoNobel,Gloss,"Mil-PRF-85285E, Type I"
White RAL 9003,,All Suppliers -TB and MSDS\AKZO\PI\58 Series.pdf,,,,,,,,,AkzoNobel,Gloss,"Mil-PRF-85285E, Type I"
Traffic White,,All Suppliers -TB and MSDS\AKZO\PI\58 Series.pdf,,,,,,,,,AkzoNobel,Gloss,"Mil-PRF-85285E, Type I"
Sulfur Yellow RAL1016,,All Suppliers -TB and MSDS\AKZO\PI\58 Series.pdf,,,,,,,,,AkzoNobel,Gloss,"Mil-PRF-85285E, Type I"
Red BAC,,All Suppliers -TB and MSDS\AKZO\PI\58 Series.pdf,,,,,,,,,AkzoNobel,Gloss,"Mil-PRF-85285E, Type I"
Yellow BAC,,All Suppliers -TB and MSDS\AKZO\PI\58 Series.pdf,,,,,,,,,AkzoNobel,Gloss,"Mil-PRF-85285E, Type I"
Blue BAC,,All Suppliers -TB and MSDS\AKZO\PI\58 Series.pdf,,,,,,,,,AkzoNobel,Gloss,"Mil-PRF-85285E, Type I"
White BAC,,All Suppliers -TB and MSDS\AKZO\PI\58 Series.pdf,,,,,,,,,AkzoNobel,Gloss,"Mil-PRF-85285E, Type I"
,,,,,,,,,,,,,
Semi-Gloss Clear,656-58-9000,All Suppliers -TB and MSDS\AKZO\PI\58 Series.pdf,,,,,,,,,AkzoNobel,Semi-gloss,"Mil-PRF-85285E, Type I"
FS 20040,656-58-0040,All Suppliers -TB and MSDS\AKZO\PI\58 Series.pdf,,,,,,,,,AkzoNobel,Semi-gloss,"Mil-PRF-85285E, Type I"
FS 20122,656-58-0122,All Suppliers -TB and MSDS\AKZO\PI\58 Series.pdf,,,,,,,,,AkzoNobel,Semi-gloss,"Mil-PRF-85285E, Type I"
FS 20140,656-58-0140,All Suppliers -TB and MSDS\AKZO\PI\58 Series.pdf,,,,,,,,,AkzoNobel,Semi-gloss,"Mil-PRF-85285E, Type I"
FS 20219,656-58-0219,All Suppliers -TB and MSDS\AKZO\PI\58 Series.pdf,,,,,,,,,AkzoNobel,Semi-gloss,"Mil-PRF-85285E, Type I"
FS 20233,656-58-0233,All Suppliers -TB and MSDS\AKZO\PI\58 Series.pdf,,,,,,,,,AkzoNobel,Semi-gloss,"Mil-PRF-85285E, Type I"
FS 20260,656-58-0260,All Suppliers -TB and MSDS\AKZO\PI\58 Series.pdf,,,,,,,,,AkzoNobel,Semi-gloss,"Mil-PRF-85285E, Type I"
FS 20266,656-58-0266,All Suppliers -TB and MSDS\AKZO\PI\58 Series.pdf,,,,,,,,,AkzoNobel,Semi-gloss,"Mil-PRF-85285E, Type I"
FS 20318,656-58-0318,All Suppliers -TB and MSDS\AKZO\PI\58 Series.pdf,,,,,,,,,AkzoNobel,Semi-gloss,"Mil-PRF-85285E, Type I"
FS 20400,656-58-0400,All Suppliers -TB and MSDS\AKZO\PI\58 Series.pdf,,,,,,,,,AkzoNobel,Semi-gloss,"Mil-PRF-85285E, Type I"
FS 21105,656-58-1105,All Suppliers -TB and MSDS\AKZO\PI\58 Series.pdf,,,,,,,,,AkzoNobel,Semi-gloss,"Mil-PRF-85285E, Type I"
FS 21136,656-58-1136,All Suppliers -TB and MSDS\AKZO\PI\58 Series.pdf,,,,,,,,,AkzoNobel,Semi-gloss,"Mil-PRF-85285E, Type I"
FS 21310,656-58-1310,All Suppliers -TB and MSDS\AKZO\PI\58 Series.pdf,,,,,,,,,AkzoNobel,Semi-gloss,"Mil-PRF-85285E, Type I"
FS 21350,656-58-1350,All Suppliers -TB and MSDS\AKZO\PI\58 Series.pdf,,,,,,,,,AkzoNobel,Semi-gloss,"Mil-PRF-85285E, Type I"
FS 21400,656-58-1400,All Suppliers -TB and MSDS\AKZO\PI\58 Series.pdf,,,,,,,,,AkzoNobel,Semi-gloss,"Mil-PRF-85285E, Type I"
FS 22144,656-58-2144,All Suppliers -TB and MSDS\AKZO\PI\58 Series.pdf,,,,,,,,,AkzoNobel,Semi-gloss,"Mil-PRF-85285E, Type I"
FS 23522,656-58-3522,All Suppliers -TB and MSDS\AKZO\PI\58 Series.pdf,,,,,,,,,AkzoNobel,Semi-gloss,"Mil-PRF-85285E, Type I"
FS 23523,656-58-3523,All Suppliers -TB and MSDS\AKZO\PI\58 Series.pdf,,,,,,,,,AkzoNobel,Semi-gloss,"Mil-PRF-85285E, Type I"
FS 23531,656-58-3531,All Suppliers -TB and MSDS\AKZO\PI\58 Series.pdf,,,,,,,,,AkzoNobel,Semi-gloss,"Mil-PRF-85285E, Type I"
FS 23538,656-58-3538,All Suppliers -TB and MSDS\AKZO\PI\58 Series.pdf,,,,,,,,,AkzoNobel,Semi-gloss,"Mil-PRF-85285E, Type I"
FS 23613,656-58-3613,All Suppliers -TB and MSDS\AKZO\PI\58 Series.pdf,,,,,,,,,AkzoNobel,Semi-gloss,"Mil-PRF-85285E, Type I"
FS 23655,656-58-3655,All Suppliers -TB and MSDS\AKZO\PI\58 Series.pdf,,,,,,,,,AkzoNobel,Semi-gloss,"Mil-PRF-85285E, Type I"
FS 23685,656-58-3685,All Suppliers -TB and MSDS\AKZO\PI\58 Series.pdf,,,,,,,,,AkzoNobel,Semi-gloss,"Mil-PRF-85285E, Type I"
FS 23722,656-58-3722,All Suppliers -TB and MSDS\AKZO\PI\58 Series.pdf,,,,,,,,,AkzoNobel,Semi-gloss,"Mil-PRF-85285E, Type I"
FS 23793,656-58-3793,All Suppliers -TB and MSDS\AKZO\PI\58 Series.pdf,,,,,,,,,AkzoNobel,Semi-gloss,"Mil-PRF-85285E, Type I"
FS 23814,656-58-3814,All Suppliers -TB and MSDS\AKZO\PI\58 Series.pdf,,,,,,,,,AkzoNobel,Semi-gloss,"Mil-PRF-85285E, Type I"
FS 24052,656-58-4052,All Suppliers -TB and MSDS\AKZO\PI\58 Series.pdf,,,,,,,,,AkzoNobel,Semi-gloss,"Mil-PRF-85285E, Type I"
FS 24064,656-58-4064,All Suppliers -TB and MSDS\AKZO\PI\58 Series.pdf,,,,,,,,,AkzoNobel,Semi-gloss,"Mil-PRF-85285E, Type I"
FS 24079,656-58-4079,All Suppliers -TB and MSDS\AKZO\PI\58 Series.pdf,,,,,,,,,AkzoNobel,Semi-gloss,"Mil-PRF-85285E, Type I"
FS 24084,656-58-4084,All Suppliers -TB and MSDS\AKZO\PI\58 Series.pdf,,,,,,,,,AkzoNobel,Semi-gloss,"Mil-PRF-85285E, Type I"
FS 24087,656-58-4087,All Suppliers -TB and MSDS\AKZO\PI\58 Series.pdf,,,,,,,,,AkzoNobel,Semi-gloss,"Mil-PRF-85285E, Type I"
FS 24097,656-58-4097,All Suppliers -TB and MSDS\AKZO\PI\58 Series.pdf,,,,,,,,,AkzoNobel,Semi-gloss,"Mil-PRF-85285E, Type I"
FS 24098,656-58-4098,All Suppliers -TB and MSDS\AKZO\PI\58 Series.pdf,,,,,,,,,AkzoNobel,Semi-gloss,"Mil-PRF-85285E, Type I"
FS 24102,656-58-4102,All Suppliers -TB and MSDS\AKZO\PI\58 Series.pdf,,,,,,,,,AkzoNobel,Semi-gloss,"Mil-PRF-85285E, Type I"
FS 24108,656-58-4108,All Suppliers -TB and MSDS\AKZO\PI\58 Series.pdf,,,,,,,,,AkzoNobel,Semi-gloss,"Mil-PRF-85285E, Type I"
FS 24110,656-58-4110,All Suppliers -TB and MSDS\AKZO\PI\58 Series.pdf,,,,,,,,,AkzoNobel,Semi-gloss,"Mil-PRF-85285E, Type I"
FS 24159,656-58-4159,All Suppliers -TB and MSDS\AKZO\PI\58 Series.pdf,,,,,,,,,AkzoNobel,Semi-gloss,"Mil-PRF-85285E, Type I"
FS 24190,656-58-4190,All Suppliers -TB and MSDS\AKZO\PI\58 Series.pdf,,,,,,,,,AkzoNobel,Semi-gloss,"Mil-PRF-85285E, Type I"
FS 24241,656-58-4241,All Suppliers -TB and MSDS\AKZO\PI\58 Series.pdf,,,,,,,,,AkzoNobel,Semi-gloss,"Mil-PRF-85285E, Type I"
FS 24258,656-58-4258,All Suppliers -TB and MSDS\AKZO\PI\58 Series.pdf,,,,,,,,,AkzoNobel,Semi-gloss,"Mil-PRF-85285E, Type I"
FS 24260,656-58-4260,All Suppliers -TB and MSDS\AKZO\PI\58 Series.pdf,,,,,,,,,AkzoNobel,Semi-gloss,"Mil-PRF-85285E, Type I"
FS 24272,656-58-4272,All Suppliers -TB and MSDS\AKZO\PI\58 Series.pdf,,,,,,,,,AkzoNobel,Semi-gloss,"Mil-PRF-85285E, Type I"
FS 24300,656-58-4300,All Suppliers -TB and MSDS\AKZO\PI\58 Series.pdf,,,,,,,,,AkzoNobel,Semi-gloss,"Mil-PRF-85285E, Type I"
FS 24533,656-58-4533,All Suppliers -TB and MSDS\AKZO\PI\58 Series.pdf,,,,,,,,,AkzoNobel,Semi-gloss,"Mil-PRF-85285E, Type I"
FS 24552,656-58-4552,All Suppliers -TB and MSDS\AKZO\PI\58 Series.pdf,,,,,,,,,AkzoNobel,Semi-gloss,"Mil-PRF-85285E, Type I"
FS 24585,656-58-4585,All Suppliers -TB and MSDS\AKZO\PI\58 Series.pdf,,,,,,,,,AkzoNobel,Semi-gloss,"Mil-PRF-85285E, Type I"
FS 24664,656-58-4664,All Suppliers -TB and MSDS\AKZO\PI\58 Series.pdf,,,,,,,,,AkzoNobel,Semi-gloss,"Mil-PRF-85285E, Type I"
FS 25042,656-58-5042,All Suppliers -TB and MSDS\AKZO\PI\58 Series.pdf,,,,,,,,,AkzoNobel,Semi-gloss,"Mil-PRF-85285E, Type I"
FS 25048,656-58-5048,All Suppliers -TB and MSDS\AKZO\PI\58 Series.pdf,,,,,,,,,AkzoNobel,Semi-gloss,"Mil-PRF-85285E, Type I"
FS 25056,656-58-5056,All Suppliers -TB and MSDS\AKZO\PI\58 Series.pdf,,,,,,,,,AkzoNobel,Semi-gloss,"Mil-PRF-85285E, Type I"
FS 25102,656-58-5102,All Suppliers -TB and MSDS\AKZO\PI\58 Series.pdf,,,,,,,,,AkzoNobel,Semi-gloss,"Mil-PRF-85285E, Type I"
FS 25109,656-58-5109,All Suppliers -TB and MSDS\AKZO\PI\58 Series.pdf,,,,,,,,,AkzoNobel,Semi-gloss,"Mil-PRF-85285E, Type I"
FS 25180,656-58-5180,All Suppliers -TB and MSDS\AKZO\PI\58 Series.pdf,,,,,,,,,AkzoNobel,Semi-gloss,"Mil-PRF-85285E, Type I"
FS 25183,656-58-5183,All Suppliers -TB and MSDS\AKZO\PI\58 Series.pdf,,,,,,,,,AkzoNobel,Semi-gloss,"Mil-PRF-85285E, Type I"
FS 25189,656-58-5189,All Suppliers -TB and MSDS\AKZO\PI\58 Series.pdf,,,,,,,,,AkzoNobel,Semi-gloss,"Mil-PRF-85285E, Type I"
FS 25190,656-58-5190,All Suppliers -TB and MSDS\AKZO\PI\58 Series.pdf,,,,,,,,,AkzoNobel,Semi-gloss,"Mil-PRF-85285E, Type I"
FS 25200,656-58-5200,All Suppliers -TB and MSDS\AKZO\PI\58 Series.pdf,,,,,,,,,AkzoNobel,Semi-gloss,"Mil-PRF-85285E, Type I"
FS 25230,656-58-5230,All Suppliers -TB and MSDS\AKZO\PI\58 Series.pdf,,,,,,,,,AkzoNobel,Semi-gloss,"Mil-PRF-85285E, Type I"
FS 25237,656-58-5237,All Suppliers -TB and MSDS\AKZO\PI\58 Series.pdf,,,,,,,,,AkzoNobel,Semi-gloss,"Mil-PRF-85285E, Type I"
FS 25240,656-58-5240,All Suppliers -TB and MSDS\AKZO\PI\58 Series.pdf,,,,,,,,,AkzoNobel,Semi-gloss,"Mil-PRF-85285E, Type I"
FS 25414,656-58-5414,All Suppliers -TB and MSDS\AKZO\PI\58 Series.pdf,,,,,,,,,AkzoNobel,Semi-gloss,"Mil-PRF-85285E, Type I"
FS 25488,656-58-5488,All Suppliers -TB and MSDS\AKZO\PI\58 Series.pdf,,,,,,,,,AkzoNobel,Semi-gloss,"Mil-PRF-85285E, Type I"
FS 25526,656-58-5526,All Suppliers -TB and MSDS\AKZO\PI\58 Series.pdf,,,,,,,,,AkzoNobel,Semi-gloss,"Mil-PRF-85285E, Type I"
FS 25550,656-58-5550,All Suppliers -TB and MSDS\AKZO\PI\58 Series.pdf,,,,,,,,,AkzoNobel,Semi-gloss,"Mil-PRF-85285E, Type I"
FS 25622,656-58-5622,All Suppliers -TB and MSDS\AKZO\PI\58 Series.pdf,,,,,,,,,AkzoNobel,Semi-gloss,"Mil-PRF-85285E, Type I"
FS 26008,656-58-6008,All Suppliers -TB and MSDS\AKZO\PI\58 Series.pdf,,,,,,,,,AkzoNobel,Semi-gloss,"Mil-PRF-85285E, Type I"
FS 26044,656-58-6044,All Suppliers -TB and MSDS\AKZO\PI\58 Series.pdf,,,,,,,,,AkzoNobel,Semi-gloss,"Mil-PRF-85285E, Type I"
FS 26099,656-58-6099,All Suppliers -TB and MSDS\AKZO\PI\58 Series.pdf,,,,,,,,,AkzoNobel,Semi-gloss,"Mil-PRF-85285E, Type I"
FS 26118,656-58-6118,All Suppliers -TB and MSDS\AKZO\PI\58 Series.pdf,,,,,,,,,AkzoNobel,Semi-gloss,"Mil-PRF-85285E, Type I"
FS 26132,656-58-6132,All Suppliers -TB and MSDS\AKZO\PI\58 Series.pdf,,,,,,,,,AkzoNobel,Semi-gloss,"Mil-PRF-85285E, Type I"
FS 26152,656-58-6152,All Suppliers -TB and MSDS\AKZO\PI\58 Series.pdf,,,,,,,,,AkzoNobel,Semi-gloss,"Mil-PRF-85285E, Type I"
FS 26173,656-58-6173,All Suppliers -TB and MSDS\AKZO\PI\58 Series.pdf,,,,,,,,,AkzoNobel,Semi-gloss,"Mil-PRF-85285E, Type I"
FS 26176,656-58-6176,All Suppliers -TB and MSDS\AKZO\PI\58 Series.pdf,,,,,,,,,AkzoNobel,Semi-gloss,"Mil-PRF-85285E, Type I"
FS 26231,656-58-6231,All Suppliers -TB and MSDS\AKZO\PI\58 Series.pdf,,,,,,,,,AkzoNobel,Semi-gloss,"Mil-PRF-85285E, Type I"
FS 26250,656-58-6250,All Suppliers -TB and MSDS\AKZO\PI\58 Series.pdf,,,,,,,,,AkzoNobel,Semi-gloss,"Mil-PRF-85285E, Type I"
FS 26251,656-58-6251,All Suppliers -TB and MSDS\AKZO\PI\58 Series.pdf,,,,,,,,,AkzoNobel,Semi-gloss,"Mil-PRF-85285E, Type I"
FS 26260,656-58-6260,All Suppliers -TB and MSDS\AKZO\PI\58 Series.pdf,,,,,,,,,AkzoNobel,Semi-gloss,"Mil-PRF-85285E, Type I"
FS 26270,656-58-6270,All Suppliers -TB and MSDS\AKZO\PI\58 Series.pdf,,,,,,,,,AkzoNobel,Semi-gloss,"Mil-PRF-85285E, Type I"
FS 26280,656-58-6280,All Suppliers -TB and MSDS\AKZO\PI\58 Series.pdf,,,,,,,,,AkzoNobel,Semi-gloss,"Mil-PRF-85285E, Type I"
FS 26293,656-58-6293,All Suppliers -TB and MSDS\AKZO\PI\58 Series.pdf,,,,,,,,,AkzoNobel,Semi-gloss,"Mil-PRF-85285E, Type I"
FS 26306,656-58-6306,All Suppliers -TB and MSDS\AKZO\PI\58 Series.pdf,,,,,,,,,AkzoNobel,Semi-gloss,"Mil-PRF-85285E, Type I"
FS 26307,656-58-6307,All Suppliers -TB and MSDS\AKZO\PI\58 Series.pdf,,,,,,,,,AkzoNobel,Semi-gloss,"Mil-PRF-85285E, Type I"
FS 26320,656-58-6320,All Suppliers -TB and MSDS\AKZO\PI\58 Series.pdf,,,,,,,,,AkzoNobel,Semi-gloss,"Mil-PRF-85285E, Type I"
FS 26329,656-58-6329,All Suppliers -TB and MSDS\AKZO\PI\58 Series.pdf,,,,,,,,,AkzoNobel,Semi-gloss,"Mil-PRF-85285E, Type I"
FS 26357,656-58-6357,All Suppliers -TB and MSDS\AKZO\PI\58 Series.pdf,,,,,,,,,AkzoNobel,Semi-gloss,"Mil-PRF-85285E, Type I"
FS 26373,656-58-6373,All Suppliers -TB and MSDS\AKZO\PI\58 Series.pdf,,,,,,,,,AkzoNobel,Semi-gloss,"Mil-PRF-85285E, Type I"
FS 26375,656-58-6375,All Suppliers -TB and MSDS\AKZO\PI\58 Series.pdf,,,,,,,,,AkzoNobel,Semi-gloss,"Mil-PRF-85285E, Type I"
FS 26408,656-58-6408,All Suppliers -TB and MSDS\AKZO\PI\58 Series.pdf,,,,,,,,,AkzoNobel,Semi-gloss,"Mil-PRF-85285E, Type I"
FS 26420,656-58-6420,All Suppliers -TB and MSDS\AKZO\PI\58 Series.pdf,,,,,,,,,AkzoNobel,Semi-gloss,"Mil-PRF-85285E, Type I"
FS 26440,656-58-6440,All Suppliers -TB and MSDS\AKZO\PI\58 Series.pdf,,,,,,,,,AkzoNobel,Semi-gloss,"Mil-PRF-85285E, Type I"
FS 26473,656-58-6473,All Suppliers -TB and MSDS\AKZO\PI\58 Series.pdf,,,,,,,,,AkzoNobel,Semi-gloss,"Mil-PRF-85285E, Type I"
FS 26492,656-58-6492,All Suppliers -TB and MSDS\AKZO\PI\58 Series.pdf,,,,,,,,,AkzoNobel,Semi-gloss,"Mil-PRF-85285E, Type I"
FS 26493,656-58-6493,All Suppliers -TB and MSDS\AKZO\PI\58 Series.pdf,,,,,,,,,AkzoNobel,Semi-gloss,"Mil-PRF-85285E, Type I"
FS 26495,656-58-6495,All Suppliers -TB and MSDS\AKZO\PI\58 Series.pdf,,,,,,,,,AkzoNobel,Semi-gloss,"Mil-PRF-85285E, Type I"
FS 26521,656-58-6521,All Suppliers -TB and MSDS\AKZO\PI\58 Series.pdf,,,,,,,,,AkzoNobel,Semi-gloss,"Mil-PRF-85285E, Type I"
FS 26555,656-58-6555,All Suppliers -TB and MSDS\AKZO\PI\58 Series.pdf,,,,,,,,,AkzoNobel,Semi-gloss,"Mil-PRF-85285E, Type I"
FS 26559,656-58-6559,All Suppliers -TB and MSDS\AKZO\PI\58 Series.pdf,,,,,,,,,AkzoNobel,Semi-gloss,"Mil-PRF-85285E, Type I"
FS 26586,656-58-6586,All Suppliers -TB and MSDS\AKZO\PI\58 Series.pdf,,,,,,,,,AkzoNobel,Semi-gloss,"Mil-PRF-85285E, Type I"
FS 26595,656-58-6595,All Suppliers -TB and MSDS\AKZO\PI\58 Series.pdf,,,,,,,,,AkzoNobel,Semi-gloss,"Mil-PRF-85285E, Type I"
FS 26622,656-58-6622,All Suppliers -TB and MSDS\AKZO\PI\58 Series.pdf,,,,,,,,,AkzoNobel,Semi-gloss,"Mil-PRF-85285E, Type I"
Camo Gray,,All Suppliers -TB and MSDS\AKZO\PI\58 Series.pdf,,,,,,,,,AkzoNobel,Semi-gloss,"Mil-PRF-85285E, Type I"
Gray BS 632,,All Suppliers -TB and MSDS\AKZO\PI\58 Series.pdf,,,,,,,,,AkzoNobel,Semi-gloss,"Mil-PRF-85285E, Type I"
Dark Sea Gray,,All Suppliers -TB and MSDS\AKZO\PI\58 Series.pdf,,,,,,,,,AkzoNobel,Semi-gloss,"Mil-PRF-85285E, Type I"
FS 27038,656-58-7038,All Suppliers -TB and MSDS\AKZO\PI\58 Series.pdf,,,,,,,,,AkzoNobel,Semi-gloss,"Mil-PRF-85285E, Type I"
FS 27040,656-58-7040,All Suppliers -TB and MSDS\AKZO\PI\58 Series.pdf,,,,,,,,,AkzoNobel,Semi-gloss,"Mil-PRF-85285E, Type I"
FS 27144,656-58-7144,All Suppliers -TB and MSDS\AKZO\PI\58 Series.pdf,,,,,,,,,AkzoNobel,Semi-gloss,"Mil-PRF-85285E, Type I"
FS 27722,656-58-7722,All Suppliers -TB and MSDS\AKZO\PI\58 Series.pdf,,,,,,,,,AkzoNobel,Semi-gloss,"Mil-PRF-85285E, Type I"
FS 27780,656-58-7780,All Suppliers -TB and MSDS\AKZO\PI\58 Series.pdf,,,,,,,,,AkzoNobel,Semi-gloss,"Mil-PRF-85285E, Type I"
FS 27855,656-58-7855,All Suppliers -TB and MSDS\AKZO\PI\58 Series.pdf,,,,,,,,,AkzoNobel,Semi-gloss,"Mil-PRF-85285E, Type I"
FS 27875,656-58-7875,All Suppliers -TB and MSDS\AKZO\PI\58 Series.pdf,,,,,,,,,AkzoNobel,Semi-gloss,"Mil-PRF-85285E, Type I"
FS 27885,656-58-7885,All Suppliers -TB and MSDS\AKZO\PI\58 Series.pdf,,,,,,,,,AkzoNobel,Semi-gloss,"Mil-PRF-85285E, Type I"
FS 27886,656-58-7886,All Suppliers -TB and MSDS\AKZO\PI\58 Series.pdf,,,,,,,,,AkzoNobel,Semi-gloss,"Mil-PRF-85285E, Type I"
FS 27925,656-58-7925,All Suppliers -TB and MSDS\AKZO\PI\58 Series.pdf,,,,,,,,,AkzoNobel,Semi-gloss,"Mil-PRF-85285E, Type I"
EDO Yellow,,All Suppliers -TB and MSDS\AKZO\PI\58 Series.pdf,,,,,,,,,AkzoNobel,Semi-gloss,"Mil-PRF-85285E, Type I"
Peacock Blue,,All Suppliers -TB and MSDS\AKZO\PI\58 Series.pdf,,,,,,,,,AkzoNobel,Semi-gloss,"Mil-PRF-85285E, Type I"
Yellow BS 356,,All Suppliers -TB and MSDS\AKZO\PI\58 Series.pdf,,,,,,,,,AkzoNobel,Semi-gloss,"Mil-PRF-85285E, Type I"
Signal Red BS 537,,All Suppliers -TB and MSDS\AKZO\PI\58 Series.pdf,,,,,,,,,AkzoNobel,Semi-gloss,"Mil-PRF-85285E, Type I"
Light Gray RAL,,All Suppliers -TB and MSDS\AKZO\PI\58 Series.pdf,,,,,,,,,AkzoNobel,Semi-gloss,"Mil-PRF-85285E, Type I"
Gray BS 694,,All Suppliers -TB and MSDS\AKZO\PI\58 Series.pdf,,,,,,,,,AkzoNobel,Semi-gloss,"Mil-PRF-85285E, Type I"
Gray BS 697,,All Suppliers -TB and MSDS\AKZO\PI\58 Series.pdf,,,,,,,,,AkzoNobel,Semi-gloss,"Mil-PRF-85285E, Type I"
Ivory RAL 1013,,All Suppliers -TB and MSDS\AKZO\PI\58 Series.pdf,,,,,,,,,AkzoNobel,Semi-gloss,"Mil-PRF-85285E, Type I"
Khaki RAL 6003,,All Suppliers -TB and MSDS\AKZO\PI\58 Series.pdf,,,,,,,,,AkzoNobel,Semi-gloss,"Mil-PRF-85285E, Type I"
Squirrel Gray RAL 700,,All Suppliers -TB and MSDS\AKZO\PI\58 Series.pdf,,,,,,,,,AkzoNobel,Semi-gloss,"Mil-PRF-85285E, Type I"
Silver Gray RAL 701,,All Suppliers -TB and MSDS\AKZO\PI\58 Series.pdf,,,,,,,,,AkzoNobel,Semi-gloss,"Mil-PRF-85285E, Type I"
Pebble Gray RAL 7032,,All Suppliers -TB and MSDS\AKZO\PI\58 Series.pdf,,,,,,,,,AkzoNobel,Semi-gloss,"Mil-PRF-85285E, Type I"
Gray RAL 724,,All Suppliers -TB and MSDS\AKZO\PI\58 Series.pdf,,,,,,,,,AkzoNobel,Semi-gloss,"Mil-PRF-85285E, Type I"
Gray RAL 730,,All Suppliers -TB and MSDS\AKZO\PI\58 Series.pdf,,,,,,,,,AkzoNobel,Semi-gloss,"Mil-PRF-85285E, Type I"
Pebble Gray RAL 732,,All Suppliers -TB and MSDS\AKZO\PI\58 Series.pdf,,,,,,,,,AkzoNobel,Semi-gloss,"Mil-PRF-85285E, Type I"
Light Gray RAL 735,,All Suppliers -TB and MSDS\AKZO\PI\58 Series.pdf,,,,,,,,,AkzoNobel,Semi-gloss,"Mil-PRF-85285E, Type I"
Gray RAL 7038,,All Suppliers -TB and MSDS\AKZO\PI\58 Series.pdf,,,,,,,,,AkzoNobel,Semi-gloss,"Mil-PRF-85285E, Type I"
Gray RAL 7042,,All Suppliers -TB and MSDS\AKZO\PI\58 Series.pdf,,,,,,,,,AkzoNobel,Semi-gloss,"Mil-PRF-85285E, Type I"
Gray White RAL 902,,All Suppliers -TB and MSDS\AKZO\PI\58 Series.pdf,,,,,,,,,AkzoNobel,Semi-gloss,"Mil-PRF-85285E, Type I"
,,,,,,,,,,,,,
Flat Clear,666-58-9000,All Suppliers -TB and MSDS\AKZO\PI\58 Series.pdf,,,,,,,,,AkzoNobel,Flat,"Mil-PRF-85285E, Type I"
FS 30045,666-58-0045,All Suppliers -TB and MSDS\AKZO\PI\58 Series.pdf,,,,,,,,,AkzoNobel,Flat,"Mil-PRF-85285E, Type I"
FS 30051,666-58-0051,All Suppliers -TB and MSDS\AKZO\PI\58 Series.pdf,,,,,,,,,AkzoNobel,Flat,"Mil-PRF-85285E, Type I"
FS 30070,666-58-0070,All Suppliers -TB and MSDS\AKZO\PI\58 Series.pdf,,,,,,,,,AkzoNobel,Flat,"Mil-PRF-85285E, Type I"
FS 30099,666-58-0099,All Suppliers -TB and MSDS\AKZO\PI\58 Series.pdf,,,,,,,,,AkzoNobel,Flat,"Mil-PRF-85285E, Type I"
FS 30109,666-58-0109,All Suppliers -TB and MSDS\AKZO\PI\58 Series.pdf,,,,,,,,,AkzoNobel,Flat,"Mil-PRF-85285E, Type I"
FS 30117,666-58-0117,All Suppliers -TB and MSDS\AKZO\PI\58 Series.pdf,,,,,,,,,AkzoNobel,Flat,"Mil-PRF-85285E, Type I"
FS 30140,666-58-0140,All Suppliers -TB and MSDS\AKZO\PI\58 Series.pdf,,,,,,,,,AkzoNobel,Flat,"Mil-PRF-85285E, Type I"
FS 30129,666-58-0129,All Suppliers -TB and MSDS\AKZO\PI\58 Series.pdf,,,,,,,,,AkzoNobel,Flat,"Mil-PRF-85285E, Type I"
FS 30227,666-58-0227,All Suppliers -TB and MSDS\AKZO\PI\58 Series.pdf,,,,,,,,,AkzoNobel,Flat,"Mil-PRF-85285E, Type I"
FS 30279,666-58-0279,All Suppliers -TB and MSDS\AKZO\PI\58 Series.pdf,,,,,,,,,AkzoNobel,Flat,"Mil-PRF-85285E, Type I"
FS 30318,666-58-0318,All Suppliers -TB and MSDS\AKZO\PI\58 Series.pdf,,,,,,,,,AkzoNobel,Flat,"Mil-PRF-85285E, Type I"
FS 30372,666-58-0372,All Suppliers -TB and MSDS\AKZO\PI\58 Series.pdf,,,,,,,,,AkzoNobel,Flat,"Mil-PRF-85285E, Type I"
FS 30400,666-58-0400,All Suppliers -TB and MSDS\AKZO\PI\58 Series.pdf,,,,,,,,,AkzoNobel,Flat,"Mil-PRF-85285E, Type I"
FS 30450,666-58-0450,All Suppliers -TB and MSDS\AKZO\PI\58 Series.pdf,,,,,,,,,AkzoNobel,Flat,"Mil-PRF-85285E, Type I"
FS 30475,666-58-0475,All Suppliers -TB and MSDS\AKZO\PI\58 Series.pdf,,,,,,,,,AkzoNobel,Flat,"Mil-PRF-85285E, Type I"
FS 30480,666-58-0480,All Suppliers -TB and MSDS\AKZO\PI\58 Series.pdf,,,,,,,,,AkzoNobel,Flat,"Mil-PRF-85285E, Type I"
FS 31105,666-58-1105,All Suppliers -TB and MSDS\AKZO\PI\58 Series.pdf,,,,,,,,,AkzoNobel,Flat,"Mil-PRF-85285E, Type I"
FS 31136,666-58-1136,All Suppliers -TB and MSDS\AKZO\PI\58 Series.pdf,,,,,,,,,AkzoNobel,Flat,"Mil-PRF-85285E, Type I"
FS 31140,666-58-1140,All Suppliers -TB and MSDS\AKZO\PI\58 Series.pdf,,,,,,,,,AkzoNobel,Flat,"Mil-PRF-85285E, Type I"
FS 31302,666-58-1302,All Suppliers -TB and MSDS\AKZO\PI\58 Series.pdf,,,,,,,,,AkzoNobel,Flat,"Mil-PRF-85285E, Type I"
FS 31350,666-58-1350,All Suppliers -TB and MSDS\AKZO\PI\58 Series.pdf,,,,,,,,,AkzoNobel,Flat,"Mil-PRF-85285E, Type I"
FS 31400,666-58-1400,All Suppliers -TB and MSDS\AKZO\PI\58 Series.pdf,,,,,,,,,AkzoNobel,Flat,"Mil-PRF-85285E, Type I"
FS 31668,666-58-1668,All Suppliers -TB and MSDS\AKZO\PI\58 Series.pdf,,,,,,,,,AkzoNobel,Flat,"Mil-PRF-85285E, Type I"
FS 31900,666-58-1900,All Suppliers -TB and MSDS\AKZO\PI\58 Series.pdf,,,,,,,,,AkzoNobel,Flat,"Mil-PRF-85285E, Type I"
FS 32169,666-58-2169,All Suppliers -TB and MSDS\AKZO\PI\58 Series.pdf,,,,,,,,,AkzoNobel,Flat,"Mil-PRF-85285E, Type I"
FS 32199,666-58-2199,All Suppliers -TB and MSDS\AKZO\PI\58 Series.pdf,,,,,,,,,AkzoNobel,Flat,"Mil-PRF-85285E, Type I"
FS 32246,666-58-2246,All Suppliers -TB and MSDS\AKZO\PI\58 Series.pdf,,,,,,,,,AkzoNobel,Flat,"Mil-PRF-85285E, Type I"
FS 32356,666-58-2356,All Suppliers -TB and MSDS\AKZO\PI\58 Series.pdf,,,,,,,,,AkzoNobel,Flat,"Mil-PRF-85285E, Type I"
FS 32473,666-58-2473,All Suppliers -TB and MSDS\AKZO\PI\58 Series.pdf,,,,,,,,,AkzoNobel,Flat,"Mil-PRF-85285E, Type I"
FS 32544,666-58-2544,All Suppliers -TB and MSDS\AKZO\PI\58 Series.pdf,,,,,,,,,AkzoNobel,Flat,"Mil-PRF-85285E, Type I"
FS 32555,666-58-2555,All Suppliers -TB and MSDS\AKZO\PI\58 Series.pdf,,,,,,,,,AkzoNobel,Flat,"Mil-PRF-85285E, Type I"
FS 33245,666-58-3245,All Suppliers -TB and MSDS\AKZO\PI\58 Series.pdf,,,,,,,,,AkzoNobel,Flat,"Mil-PRF-85285E, Type I"
FS 33303,666-58-3303,All Suppliers -TB and MSDS\AKZO\PI\58 Series.pdf,,,,,,,,,AkzoNobel,Flat,"Mil-PRF-85285E, Type I"
FS 33446,666-58-3446,All Suppliers -TB and MSDS\AKZO\PI\58 Series.pdf,,,,,,,,,AkzoNobel,Flat,"Mil-PRF-85285E, Type I"
FS 33448,666-58-3448,All Suppliers -TB and MSDS\AKZO\PI\58 Series.pdf,,,,,,,,,AkzoNobel,Flat,"Mil-PRF-85285E, Type I"
FS 33510,666-58-3510,All Suppliers -TB and MSDS\AKZO\PI\58 Series.pdf,,,,,,,,,AkzoNobel,Flat,"Mil-PRF-85285E, Type I"
FS 33531,666-58-3531,All Suppliers -TB and MSDS\AKZO\PI\58 Series.pdf,,,,,,,,,AkzoNobel,Flat,"Mil-PRF-85285E, Type I"
FS 33538,666-58-3538,All Suppliers -TB and MSDS\AKZO\PI\58 Series.pdf,,,,,,,,,AkzoNobel,Flat,"Mil-PRF-85285E, Type I"
FS 33578,666-58-3578,All Suppliers -TB and MSDS\AKZO\PI\58 Series.pdf,,,,,,,,,AkzoNobel,Flat,"Mil-PRF-85285E, Type I"
FS 33613,666-58-3613,All Suppliers -TB and MSDS\AKZO\PI\58 Series.pdf,,,,,,,,,AkzoNobel,Flat,"Mil-PRF-85285E, Type I"
FS 33617,666-58-3617,All Suppliers -TB and MSDS\AKZO\PI\58 Series.pdf,,,,,,,,,AkzoNobel,Flat,"Mil-PRF-85285E, Type I"
FS 33619,666-58-3619,All Suppliers -TB and MSDS\AKZO\PI\58 Series.pdf,,,,,,,,,AkzoNobel,Flat,"Mil-PRF-85285E, Type I"
FS 33655,666-58-3655,All Suppliers -TB and MSDS\AKZO\PI\58 Series.pdf,,,,,,,,,AkzoNobel,Flat,"Mil-PRF-85285E, Type I"
FS 33690,666-58-3690,All Suppliers -TB and MSDS\AKZO\PI\58 Series.pdf,,,,,,,,,AkzoNobel,Flat,"Mil-PRF-85285E, Type I"
FS 33696,666-58-3696,All Suppliers -TB and MSDS\AKZO\PI\58 Series.pdf,,,,,,,,,AkzoNobel,Flat,"Mil-PRF-85285E, Type I"
FS 33697,666-58-3697,All Suppliers -TB and MSDS\AKZO\PI\58 Series.pdf,,,,,,,,,AkzoNobel,Flat,"Mil-PRF-85285E, Type I"
FS 33793,666-58-3793,All Suppliers -TB and MSDS\AKZO\PI\58 Series.pdf,,,,,,,,,AkzoNobel,Flat,"Mil-PRF-85285E, Type I"
FS 34031,666-58-4031,All Suppliers -TB and MSDS\AKZO\PI\58 Series.pdf,,,,,,,,,AkzoNobel,Flat,"Mil-PRF-85285E, Type I"
FS 34052,666-58-4052,All Suppliers -TB and MSDS\AKZO\PI\58 Series.pdf,,,,,,,,,AkzoNobel,Flat,"Mil-PRF-85285E, Type I"
FS 34064,666-58-4064,All Suppliers -TB and MSDS\AKZO\PI\58 Series.pdf,,,,,,,,,AkzoNobel,Flat,"Mil-PRF-85285E, Type I"
FS 34079,666-58-4079,All Suppliers -TB and MSDS\AKZO\PI\58 Series.pdf,,,,,,,,,AkzoNobel,Flat,"Mil-PRF-85285E, Type I"
FS 34083,666-58-4083,All Suppliers -TB and MSDS\AKZO\PI\58 Series.pdf,,,,,,,,,AkzoNobel,Flat,"Mil-PRF-85285E, Type I"
FS 34084,666-58-4084,All Suppliers -TB and MSDS\AKZO\PI\58 Series.pdf,,,,,,,,,AkzoNobel,Flat,"Mil-PRF-85285E, Type I"
FS 34087,666-58-4087,All Suppliers -TB and MSDS\AKZO\PI\58 Series.pdf,,,,,,,,,AkzoNobel,Flat,"Mil-PRF-85285E, Type I"
FS 34088,666-58-4088,All Suppliers -TB and MSDS\AKZO\PI\58 Series.pdf,,,,,,,,,AkzoNobel,Flat,"Mil-PRF-85285E, Type I"
FS 34090,666-58-4090,All Suppliers -TB and MSDS\AKZO\PI\58 Series.pdf,,,,,,,,,AkzoNobel,Flat,"Mil-PRF-85285E, Type I"
FS 34092,666-58-4092,All Suppliers -TB and MSDS\AKZO\PI\58 Series.pdf,,,,,,,,,AkzoNobel,Flat,"Mil-PRF-85285E, Type I"
FS 34094,666-58-4094,All Suppliers -TB and MSDS\AKZO\PI\58 Series.pdf,,,,,,,,,AkzoNobel,Flat,"Mil-PRF-85285E, Type I"
FS 34096,666-58-4096,All Suppliers -TB and MSDS\AKZO\PI\58 Series.pdf,,,,,,,,,AkzoNobel,Flat,"Mil-PRF-85285E, Type I"
FS 34097,666-58-4097,All Suppliers -TB and MSDS\AKZO\PI\58 Series.pdf,,,,,,,,,AkzoNobel,Flat,"Mil-PRF-85285E, Type I"
FS 34098,666-58-4098,All Suppliers -TB and MSDS\AKZO\PI\58 Series.pdf,,,,,,,,,AkzoNobel,Flat,"Mil-PRF-85285E, Type I"
FS 34102,666-58-4102,All Suppliers -TB and MSDS\AKZO\PI\58 Series.pdf,,,,,,,,,AkzoNobel,Flat,"Mil-PRF-85285E, Type I"
FS 34108,666-58-4108,All Suppliers -TB and MSDS\AKZO\PI\58 Series.pdf,,,,,,,,,AkzoNobel,Flat,"Mil-PRF-85285E, Type I"
FS 34109,666-58-4109,All Suppliers -TB and MSDS\AKZO\PI\58 Series.pdf,,,,,,,,,AkzoNobel,Flat,"Mil-PRF-85285E, Type I"
FS 34128,666-58-4128,All Suppliers -TB and MSDS\AKZO\PI\58 Series.pdf,,,,,,,,,AkzoNobel,Flat,"Mil-PRF-85285E, Type I"
FS 34138,666-58-4138,All Suppliers -TB and MSDS\AKZO\PI\58 Series.pdf,,,,,,,,,AkzoNobel,Flat,"Mil-PRF-85285E, Type I"
FS 34151,666-58-4151,All Suppliers -TB and MSDS\AKZO\PI\58 Series.pdf,,,,,,,,,AkzoNobel,Flat,"Mil-PRF-85285E, Type I"
FS 34158,666-58-4158,All Suppliers -TB and MSDS\AKZO\PI\58 Series.pdf,,,,,,,,,AkzoNobel,Flat,"Mil-PRF-85285E, Type I"
FS 34187,666-58-4187,All Suppliers -TB and MSDS\AKZO\PI\58 Series.pdf,,,,,,,,,AkzoNobel,Flat,"Mil-PRF-85285E, Type I"
FS 34223,666-58-4223,All Suppliers -TB and MSDS\AKZO\PI\58 Series.pdf,,,,,,,,,AkzoNobel,Flat,"Mil-PRF-85285E, Type I"
FS 34227,666-58-4227,All Suppliers -TB and MSDS\AKZO\PI\58 Series.pdf,,,,,,,,,AkzoNobel,Flat,"Mil-PRF-85285E, Type I"
FS 34230,666-58-4230,All Suppliers -TB and MSDS\AKZO\PI\58 Series.pdf,,,,,,,,,AkzoNobel,Flat,"Mil-PRF-85285E, Type I"
FS 34424,666-58-4424,All Suppliers -TB and MSDS\AKZO\PI\58 Series.pdf,,,,,,,,,AkzoNobel,Flat,"Mil-PRF-85285E, Type I"
FS 34516,666-58-4516,All Suppliers -TB and MSDS\AKZO\PI\58 Series.pdf,,,,,,,,,AkzoNobel,Flat,"Mil-PRF-85285E, Type I"
FS 34533,666-58-4533,All Suppliers -TB and MSDS\AKZO\PI\58 Series.pdf,,,,,,,,,AkzoNobel,Flat,"Mil-PRF-85285E, Type I"
FS 34540,666-58-4540,All Suppliers -TB and MSDS\AKZO\PI\58 Series.pdf,,,,,,,,,AkzoNobel,Flat,"Mil-PRF-85285E, Type I"
FS 35042,666-58-5042,All Suppliers -TB and MSDS\AKZO\PI\58 Series.pdf,,,,,,,,,AkzoNobel,Flat,"Mil-PRF-85285E, Type I"
FS 35044,666-58-5044,All Suppliers -TB and MSDS\AKZO\PI\58 Series.pdf,,,,,,,,,AkzoNobel,Flat,"Mil-PRF-85285E, Type I"
FS 35045,666-58-5045,All Suppliers -TB and MSDS\AKZO\PI\58 Series.pdf,,,,,,,,,AkzoNobel,Flat,"Mil-PRF-85285E, Type I"
FS 35053,666-58-5053,All Suppliers -TB and MSDS\AKZO\PI\58 Series.pdf,,,,,,,,,AkzoNobel,Flat,"Mil-PRF-85285E, Type I"
FS 35095,666-58-5095,All Suppliers -TB and MSDS\AKZO\PI\58 Series.pdf,,,,,,,,,AkzoNobel,Flat,"Mil-PRF-85285E, Type I"
FS 35102,666-58-5102,All Suppliers -TB and MSDS\AKZO\PI\58 Series.pdf,,,,,,,,,AkzoNobel,Flat,"Mil-PRF-85285E, Type I"
FS 35109,666-58-5109,All Suppliers -TB and MSDS\AKZO\PI\58 Series.pdf,,,,,,,,,AkzoNobel,Flat,"Mil-PRF-85285E, Type I"
FS 35164,666-58-5164,All Suppliers -TB and MSDS\AKZO\PI\58 Series.pdf,,,,,,,,,AkzoNobel,Flat,"Mil-PRF-85285E, Type I"
FS 35177,666-58-5177,All Suppliers -TB and MSDS\AKZO\PI\58 Series.pdf,,,,,,,,,AkzoNobel,Flat,"Mil-PRF-85285E, Type I"
FS 35180,666-58-5180,All Suppliers -TB and MSDS\AKZO\PI\58 Series.pdf,,,,,,,,,AkzoNobel,Flat,"Mil-PRF-85285E, Type I"
FS 35183,666-58-5183,All Suppliers -TB and MSDS\AKZO\PI\58 Series.pdf,,,,,,,,,AkzoNobel,Flat,"Mil-PRF-85285E, Type I"
FS 35187,666-58-5187,All Suppliers -TB and MSDS\AKZO\PI\58 Series.pdf,,,,,,,,,AkzoNobel,Flat,"Mil-PRF-85285E, Type I"
FS 35190,666-58-5190,All Suppliers -TB and MSDS\AKZO\PI\58 Series.pdf,,,,,,,,,AkzoNobel,Flat,"Mil-PRF-85285E, Type I"
FS 35237,666-58-5237,All Suppliers -TB and MSDS\AKZO\PI\58 Series.pdf,,,,,,,,,AkzoNobel,Flat,"Mil-PRF-85285E, Type I"
FS 35250,666-58-5250,All Suppliers -TB and MSDS\AKZO\PI\58 Series.pdf,,,,,,,,,AkzoNobel,Flat,"Mil-PRF-85285E, Type I"
FS 35352,666-58-5352,All Suppliers -TB and MSDS\AKZO\PI\58 Series.pdf,,,,,,,,,AkzoNobel,Flat,"Mil-PRF-85285E, Type I"
FS 35450,666-58-5450,All Suppliers -TB and MSDS\AKZO\PI\58 Series.pdf,,,,,,,,,AkzoNobel,Flat,"Mil-PRF-85285E, Type I"
FS 35466,666-58-5466,All Suppliers -TB and MSDS\AKZO\PI\58 Series.pdf,,,,,,,,,AkzoNobel,Flat,"Mil-PRF-85285E, Type I"
FS 35526,666-58-5526,All Suppliers -TB and MSDS\AKZO\PI\58 Series.pdf,,,,,,,,,AkzoNobel,Flat,"Mil-PRF-85285E, Type I"
FS 36076,666-58-6076,All Suppliers -TB and MSDS\AKZO\PI\58 Series.pdf,,,,,,,,,AkzoNobel,Flat,"Mil-PRF-85285E, Type I"
FS 36081,666-58-6081,All Suppliers -TB and MSDS\AKZO\PI\58 Series.pdf,,,,,,,,,AkzoNobel,Flat,"Mil-PRF-85285E, Type I"
FS 36099,666-58-6099,All Suppliers -TB and MSDS\AKZO\PI\58 Series.pdf,,,,,,,,,AkzoNobel,Flat,"Mil-PRF-85285E, Type I"
FS 36118,666-58-6118,All Suppliers -TB and MSDS\AKZO\PI\58 Series.pdf,,,,,,,,,AkzoNobel,Flat,"Mil-PRF-85285E, Type I"
FS 36152,666-58-6152,All Suppliers -TB and MSDS\AKZO\PI\58 Series.pdf,,,,,,,,,AkzoNobel,Flat,"Mil-PRF-85285E, Type I"
FS 36173,666-58-6173,All Suppliers -TB and MSDS\AKZO\PI\58 Series.pdf,,,,,,,,,AkzoNobel,Flat,"Mil-PRF-85285E, Type I"
FS 36176,666-58-6176,All Suppliers -TB and MSDS\AKZO\PI\58 Series.pdf,,,,,,,,,AkzoNobel,Flat,"Mil-PRF-85285E, Type I"
FS 36187,666-58-6187,All Suppliers -TB and MSDS\AKZO\PI\58 Series.pdf,,,,,,,,,AkzoNobel,Flat,"Mil-PRF-85285E, Type I"
FS 36231,666-58-6231,All Suppliers -TB and MSDS\AKZO\PI\58 Series.pdf,,,,,,,,,AkzoNobel,Flat,"Mil-PRF-85285E, Type I"
FS 36251,666-58-6251,All Suppliers -TB and MSDS\AKZO\PI\58 Series.pdf,,,,,,,,,AkzoNobel,Flat,"Mil-PRF-85285E, Type I"
FS 36270,666-58-6270,All Suppliers -TB and MSDS\AKZO\PI\58 Series.pdf,,,,,,,,,AkzoNobel,Flat,"Mil-PRF-85285E, Type I"
FS 36280,666-58-6280,All Suppliers -TB and MSDS\AKZO\PI\58 Series.pdf,,,,,,,,,AkzoNobel,Flat,"Mil-PRF-85285E, Type I"
FS 36293,666-58-6293,All Suppliers -TB and MSDS\AKZO\PI\58 Series.pdf,,,,,,,,,AkzoNobel,Flat,"Mil-PRF-85285E, Type I"
FS 36300,666-58-6300,All Suppliers -TB and MSDS\AKZO\PI\58 Series.pdf,,,,,,,,,AkzoNobel,Flat,"Mil-PRF-85285E, Type I"
FS 36306,666-58-6306,All Suppliers -TB and MSDS\AKZO\PI\58 Series.pdf,,,,,,,,,AkzoNobel,Flat,"Mil-PRF-85285E, Type I"
FS 36307,666-58-6307,All Suppliers -TB and MSDS\AKZO\PI\58 Series.pdf,,,,,,,,,AkzoNobel,Flat,"Mil-PRF-85285E, Type I"
FS 36314,666-58-6314,All Suppliers -TB and MSDS\AKZO\PI\58 Series.pdf,,,,,,,,,AkzoNobel,Flat,"Mil-PRF-85285E, Type I"
FS 36320,666-58-6320,All Suppliers -TB and MSDS\AKZO\PI\58 Series.pdf,,,,,,,,,AkzoNobel,Flat,"Mil-PRF-85285E, Type I"
FS 36373,666-58-6373,All Suppliers -TB and MSDS\AKZO\PI\58 Series.pdf,,,,,,,,,AkzoNobel,Flat,"Mil-PRF-85285E, Type I"
FS 36375,666-58-6375,All Suppliers -TB and MSDS\AKZO\PI\58 Series.pdf,,,,,,,,,AkzoNobel,Flat,"Mil-PRF-85285E, Type I"
FS 36424,666-58-6424,All Suppliers -TB and MSDS\AKZO\PI\58 Series.pdf,,,,,,,,,AkzoNobel,Flat,"Mil-PRF-85285E, Type I"
FS 36440,666-58-6440,All Suppliers -TB and MSDS\AKZO\PI\58 Series.pdf,,,,,,,,,AkzoNobel,Flat,"Mil-PRF-85285E, Type I"
FS 36463,666-58-6463,All Suppliers -TB and MSDS\AKZO\PI\58 Series.pdf,,,,,,,,,AkzoNobel,Flat,"Mil-PRF-85285E, Type I"
FS 36473,666-58-6473,All Suppliers -TB and MSDS\AKZO\PI\58 Series.pdf,,,,,,,,,AkzoNobel,Flat,"Mil-PRF-85285E, Type I"
FS 36492,666-58-6492,All Suppliers -TB and MSDS\AKZO\PI\58 Series.pdf,,,,,,,,,AkzoNobel,Flat,"Mil-PRF-85285E, Type I"
FS 36495,666-58-6495,All Suppliers -TB and MSDS\AKZO\PI\58 Series.pdf,,,,,,,,,AkzoNobel,Flat,"Mil-PRF-85285E, Type I"
FS 36555,666-58-6555,All Suppliers -TB and MSDS\AKZO\PI\58 Series.pdf,,,,,,,,,AkzoNobel,Flat,"Mil-PRF-85285E, Type I"
FS 36586,666-58-6586,All Suppliers -TB and MSDS\AKZO\PI\58 Series.pdf,,,,,,,,,AkzoNobel,Flat,"Mil-PRF-85285E, Type I"
FS 36622,666-58-6622,All Suppliers -TB and MSDS\AKZO\PI\58 Series.pdf,,,,,,,,,AkzoNobel,Flat,"Mil-PRF-85285E, Type I"
FS 36628,666-58-6628,All Suppliers -TB and MSDS\AKZO\PI\58 Series.pdf,,,,,,,,,AkzoNobel,Flat,"Mil-PRF-85285E, Type I"
Dark Gray,,All Suppliers -TB and MSDS\AKZO\PI\58 Series.pdf,,,,,,,,,AkzoNobel,Flat,"Mil-PRF-85285E, Type I"
Gray BAC 707,,All Suppliers -TB and MSDS\AKZO\PI\58 Series.pdf,,,,,,,,,AkzoNobel,Flat,"Mil-PRF-85285E, Type I"
FS 36999,666-58-6999,All Suppliers -TB and MSDS\AKZO\PI\58 Series.pdf,,,,,,,,,AkzoNobel,Flat,"Mil-PRF-85285E, Type I"
FS 37021,666-58-7021,All Suppliers -TB and MSDS\AKZO\PI\58 Series.pdf,,,,,,,,,AkzoNobel,Flat,"Mil-PRF-85285E, Type I"
FS 37038,666-58-7038,All Suppliers -TB and MSDS\AKZO\PI\58 Series.pdf,,,,,,,,,AkzoNobel,Flat,"Mil-PRF-85285E, Type I"
FS 37056,666-58-7056,All Suppliers -TB and MSDS\AKZO\PI\58 Series.pdf,,,,,,,,,AkzoNobel,Flat,"Mil-PRF-85285E, Type I"
FS 37200,666-58-7200,All Suppliers -TB and MSDS\AKZO\PI\58 Series.pdf,,,,,,,,,AkzoNobel,Flat,"Mil-PRF-85285E, Type I"
FS 37855,666-58-7855,All Suppliers -TB and MSDS\AKZO\PI\58 Series.pdf,,,,,,,,,AkzoNobel,Flat,"Mil-PRF-85285E, Type I"
FS 37875,666-58-7875,All Suppliers -TB and MSDS\AKZO\PI\58 Series.pdf,,,,,,,,,AkzoNobel,Flat,"Mil-PRF-85285E, Type I"
FS 37886,666-58-7886,All Suppliers -TB and MSDS\AKZO\PI\58 Series.pdf,,,,,,,,,AkzoNobel,Flat,"Mil-PRF-85285E, Type I"
FS 37925,666-58-7925,All Suppliers -TB and MSDS\AKZO\PI\58 Series.pdf,,,,,,,,,AkzoNobel,Flat,"Mil-PRF-85285E, Type I"
Cream RAL 9001,,All Suppliers -TB and MSDS\AKZO\PI\58 Series.pdf,,,,,,,,,AkzoNobel,Flat,"Mil-PRF-85285E, Type I"
White RAL 9010,,All Suppliers -TB and MSDS\AKZO\PI\58 Series.pdf,,,,,,,,,AkzoNobel,Flat,"Mil-PRF-85285E, Type I"
Gray BAC 703,,All Suppliers -TB and MSDS\AKZO\PI\58 Series.pdf,,,,,,,,,AkzoNobel,Flat,"Mil-PRF-85285E, Type I"
Gray BAC 704,,All Suppliers -TB and MSDS\AKZO\PI\58 Series.pdf,,,,,,,,,AkzoNobel,Flat,"Mil-PRF-85285E, Type I"
Gray BAC 710,,All Suppliers -TB and MSDS\AKZO\PI\58 Series.pdf,,,,,,,,,AkzoNobel,Flat,"Mil-PRF-85285E, Type I"
Light Wavy Gray,,All Suppliers -TB and MSDS\AKZO\PI\58 Series.pdf,,,,,,,,,AkzoNobel,Flat,"Mil-PRF-85285E, Type I"
Dark Wavy Gray,,All Suppliers -TB and MSDS\AKZO\PI\58 Series.pdf,,,,,,,,,AkzoNobel,Flat,"Mil-PRF-85285E, Type I"
Medium Wavy Gray,,All Suppliers -TB and MSDS\AKZO\PI\58 Series.pdf,,,,,,,,,AkzoNobel,Flat,"Mil-PRF-85285E, Type I"
Universal Sky Blue,,All Suppliers -TB and MSDS\AKZO\PI\58 Series.pdf,,,,,,,,,AkzoNobel,Flat,"Mil-PRF-85285E, Type I"
Gray,,All Suppliers -TB and MSDS\AKZO\PI\58 Series.pdf,,,,,,,,,AkzoNobel,Flat,"Mil-PRF-85285E, Type I"
Olive Green,,All Suppliers -TB and MSDS\AKZO\PI\58 Series.pdf,,,,,,,,,AkzoNobel,Flat,"Mil-PRF-85285E, Type I"
NATO Green,,All Suppliers -TB and MSDS\AKZO\PI\58 Series.pdf,,,,,,,,,AkzoNobel,Flat,"Mil-PRF-85285E, Type I"
627 Field Green,,All Suppliers -TB and MSDS\AKZO\PI\58 Series.pdf,,,,,,,,,AkzoNobel,Flat,"Mil-PRF-85285E, Type I"
Dark Sea Gray,,All Suppliers -TB and MSDS\AKZO\PI\58 Series.pdf,,,,,,,,,AkzoNobel,Flat,"Mil-PRF-85285E, Type I"
Beige RAL 1001,,All Suppliers -TB and MSDS\AKZO\PI\58 Series.pdf,,,,,,,,,AkzoNobel,Flat,"Mil-PRF-85285E, Type I"
Red RAL 3020,,All Suppliers -TB and MSDS\AKZO\PI\58 Series.pdf,,,,,,,,,AkzoNobel,Flat,"Mil-PRF-85285E, Type I"
Blue RAL 5015,,All Suppliers -TB and MSDS\AKZO\PI\58 Series.pdf,,,,,,,,,AkzoNobel,Flat,"Mil-PRF-85285E, Type I"
Blue RAL 5017,,All Suppliers -TB and MSDS\AKZO\PI\58 Series.pdf,,,,,,,,,AkzoNobel,Flat,"Mil-PRF-85285E, Type I"
Blue RAL 5018,,All Suppliers -TB and MSDS\AKZO\PI\58 Series.pdf,,,,,,,,,AkzoNobel,Flat,"Mil-PRF-85285E, Type I"
Green RAL 6020,,All Suppliers -TB and MSDS\AKZO\PI\58 Series.pdf,,,,,,,,,AkzoNobel,Flat,"Mil-PRF-85285E, Type I"
Green RAL 6024,,All Suppliers -TB and MSDS\AKZO\PI\58 Series.pdf,,,,,,,,,AkzoNobel,Flat,"Mil-PRF-85285E, Type I"
Green RAL 6031,,All Suppliers -TB and MSDS\AKZO\PI\58 Series.pdf,,,,,,,,,AkzoNobel,Flat,"Mil-PRF-85285E, Type I"
Gray RAL 7016,,All Suppliers -TB and MSDS\AKZO\PI\58 Series.pdf,,,,,,,,,AkzoNobel,Flat,"Mil-PRF-85285E, Type I"
Gray RAL 7037,,All Suppliers -TB and MSDS\AKZO\PI\58 Series.pdf,,,,,,,,,AkzoNobel,Flat,"Mil-PRF-85285E, Type I"
Brown RAL 8014,,All Suppliers -TB and MSDS\AKZO\PI\58 Series.pdf,,,,,,,,,AkzoNobel,Flat,"Mil-PRF-85285E, Type I"
White RAL 9002,,All Suppliers -TB and MSDS\AKZO\PI\58 Series.pdf,,,,,,,,,AkzoNobel,Flat,"Mil-PRF-85285E, Type I"
White RAL 9016,,All Suppliers -TB and MSDS\AKZO\PI\58 Series.pdf,,,,,,,,,AkzoNobel,Flat,"Mil-PRF-85285E, Type I"
,,,,,,,,,,,,,
Federal Standard 595 Type II Colors Available,,,,,,,,,,,,,
Clear,32247CPX-T2,All Suppliers -TB and MSDS\Hentzen\PI\MIL-PRF-85285E T2 PDS Rev 01 08.doc,,,,,,,,,Hentzen,Gloss,"Mil-PRF-85285E, Type II"
FS 14255,32510GPX-T2,All Suppliers -TB and MSDS\Hentzen\PI\MIL-PRF-85285E T2 PDS Rev 01 08.doc,,,,,,,,,Hentzen,Gloss,"Mil-PRF-85285E, Type II"
FS 15044,32237BPX-T2,All Suppliers -TB and MSDS\Hentzen\PI\MIL-PRF-85285E T2 PDS Rev 01 08.doc,,,,,,,,,Hentzen,Gloss,"Mil-PRF-85285E, Type II"
FS 15048,32325BPX-T2,All Suppliers -TB and MSDS\Hentzen\PI\MIL-PRF-85285E T2 PDS Rev 01 08.doc,,,,,,,,,Hentzen,Gloss,"Mil-PRF-85285E, Type II"
FS 15050,32328BPX-T2,All Suppliers -TB and MSDS\Hentzen\PI\MIL-PRF-85285E T2 PDS Rev 01 08.doc,,,,,,,,,Hentzen,Gloss,"Mil-PRF-85285E, Type II"
FS 15180,32209BPX-T2,All Suppliers -TB and MSDS\Hentzen\PI\MIL-PRF-85285E T2 PDS Rev 01 08.doc,,,,,,,,,Hentzen,Gloss,"Mil-PRF-85285E, Type II"
FS 15526,32478BPX-T2,All Suppliers -TB and MSDS\Hentzen\PI\MIL-PRF-85285E T2 PDS Rev 01 08.doc,,,,,,,,,Hentzen,Gloss,"Mil-PRF-85285E, Type II"
FS 16076,32371APX-T2,All Suppliers -TB and MSDS\Hentzen\PI\MIL-PRF-85285E T2 PDS Rev 01 08.doc,,,,,,,,,Hentzen,Gloss,"Mil-PRF-85285E, Type II"
FS 16081,32213APX-T2,All Suppliers -TB and MSDS\Hentzen\PI\MIL-PRF-85285E T2 PDS Rev 01 08.doc,,,,,,,,,Hentzen,Gloss,"Mil-PRF-85285E, Type II"
FS 16099,32374APX-T2,All Suppliers -TB and MSDS\Hentzen\PI\MIL-PRF-85285E T2 PDS Rev 01 08.doc,,,,,,,,,Hentzen,Gloss,"Mil-PRF-85285E, Type II"
FS 16152,32318APX-T2,All Suppliers -TB and MSDS\Hentzen\PI\MIL-PRF-85285E T2 PDS Rev 01 08.doc,,,,,,,,,Hentzen,Gloss,"Mil-PRF-85285E, Type II"
FS 16187,32430APX-T2,All Suppliers -TB and MSDS\Hentzen\PI\MIL-PRF-85285E T2 PDS Rev 01 08.doc,,,,,,,,,Hentzen,Gloss,"Mil-PRF-85285E, Type II"
FS 16251,32208APX-T2,All Suppliers -TB and MSDS\Hentzen\PI\MIL-PRF-85285E T2 PDS Rev 01 08.doc,,,,,,,,,Hentzen,Gloss,"Mil-PRF-85285E, Type II"
FS 16314,32483APX-T2,All Suppliers -TB and MSDS\Hentzen\PI\MIL-PRF-85285E T2 PDS Rev 01 08.doc,,,,,,,,,Hentzen,Gloss,"Mil-PRF-85285E, Type II"
FS 16375,32370APX-T2,All Suppliers -TB and MSDS\Hentzen\PI\MIL-PRF-85285E T2 PDS Rev 01 08.doc,,,,,,,,,Hentzen,Gloss,"Mil-PRF-85285E, Type II"
FS 16440,32212APX-T2,All Suppliers -TB and MSDS\Hentzen\PI\MIL-PRF-85285E T2 PDS Rev 01 08.doc,,,,,,,,,Hentzen,Gloss,"Mil-PRF-85285E, Type II"
FS 16473,32243APX-T2,All Suppliers -TB and MSDS\Hentzen\PI\MIL-PRF-85285E T2 PDS Rev 01 08.doc,,,,,,,,,Hentzen,Gloss,"Mil-PRF-85285E, Type II"
FS 16492,32307APX-T2,All Suppliers -TB and MSDS\Hentzen\PI\MIL-PRF-85285E T2 PDS Rev 01 08.doc,,,,,,,,,Hentzen,Gloss,"Mil-PRF-85285E, Type II"
FS 16515,32295APX-T2,All Suppliers -TB and MSDS\Hentzen\PI\MIL-PRF-85285E T2 PDS Rev 01 08.doc,,,,,,,,,Hentzen,Gloss,"Mil-PRF-85285E, Type II"
FS 17038,32204KPX-T2,All Suppliers -TB and MSDS\Hentzen\PI\MIL-PRF-85285E T2 PDS Rev 01 08.doc,,,,,,,,,Hentzen,Gloss,"Mil-PRF-85285E, Type II"
FS 17860,32484WPX-T2,All Suppliers -TB and MSDS\Hentzen\PI\MIL-PRF-85285E T2 PDS Rev 01 08.doc,,,,,,,,,Hentzen,Gloss,"Mil-PRF-85285E, Type II"
FS 17875,32236WPX-T2,All Suppliers -TB and MSDS\Hentzen\PI\MIL-PRF-85285E T2 PDS Rev 01 08.doc,,,,,,,,,Hentzen,Gloss,"Mil-PRF-85285E, Type II"
FS 17925,32201WPX-T2,All Suppliers -TB and MSDS\Hentzen\PI\MIL-PRF-85285E T2 PDS Rev 01 08.doc,,,,,,,,,Hentzen,Gloss,"Mil-PRF-85285E, Type II"
,,,,,,,,,,,,,
Clear,32323CPX-T2,All Suppliers -TB and MSDS\Hentzen\PI\MIL-PRF-85285E T2 PDS Rev 01 08.doc,,,,,,,,,Hentzen,Semi-gloss,"Mil-PRF-85285E, Type II"
FS 20040,32564TPX-T2,All Suppliers -TB and MSDS\Hentzen\PI\MIL-PRF-85285E T2 PDS Rev 01 08.doc,,,,,,,,,Hentzen,Semi-gloss,"Mil-PRF-85285E, Type II"
FS 20117,32470TPX-T2,All Suppliers -TB and MSDS\Hentzen\PI\MIL-PRF-85285E T2 PDS Rev 01 08.doc,,,,,,,,,Hentzen,Semi-gloss,"Mil-PRF-85285E, Type II"
FS 20219,32456TPX-T2,All Suppliers -TB and MSDS\Hentzen\PI\MIL-PRF-85285E T2 PDS Rev 01 08.doc,,,,,,,,,Hentzen,Semi-gloss,"Mil-PRF-85285E, Type II"
FS 20233,32488TPX-T2,All Suppliers -TB and MSDS\Hentzen\PI\MIL-PRF-85285E T2 PDS Rev 01 08.doc,,,,,,,,,Hentzen,Semi-gloss,"Mil-PRF-85285E, Type II"
FS 20318,32566TPX-T2,All Suppliers -TB and MSDS\Hentzen\PI\MIL-PRF-85285E T2 PDS Rev 01 08.doc,,,,,,,,,Hentzen,Semi-gloss,"Mil-PRF-85285E, Type II"
FS 20400,32229TPX-T2,All Suppliers -TB and MSDS\Hentzen\PI\MIL-PRF-85285E T2 PDS Rev 01 08.doc,,,,,,,,,Hentzen,Semi-gloss,"Mil-PRF-85285E, Type II"
FS 23531,32421TPX-T2,All Suppliers -TB and MSDS\Hentzen\PI\MIL-PRF-85285E T2 PDS Rev 01 08.doc,,,,,,,,,Hentzen,Semi-gloss,"Mil-PRF-85285E, Type II"
FS 24052,32206GPX-T2,All Suppliers -TB and MSDS\Hentzen\PI\MIL-PRF-85285E T2 PDS Rev 01 08.doc,,,,,,,,,Hentzen,Semi-gloss,"Mil-PRF-85285E, Type II"
FS 24064,32455GPX-T2,All Suppliers -TB and MSDS\Hentzen\PI\MIL-PRF-85285E T2 PDS Rev 01 08.doc,,,,,,,,,Hentzen,Semi-gloss,"Mil-PRF-85285E, Type II"
FS 24084,32523GPX-T2,All Suppliers -TB and MSDS\Hentzen\PI\MIL-PRF-85285E T2 PDS Rev 01 08.doc,,,,,,,,,Hentzen,Semi-gloss,"Mil-PRF-85285E, Type II"
FS 24097,32457GPX-T2,All Suppliers -TB and MSDS\Hentzen\PI\MIL-PRF-85285E T2 PDS Rev 01 08.doc,,,,,,,,,Hentzen,Semi-gloss,"Mil-PRF-85285E, Type II"
FS 24159,32540GPX-T2,All Suppliers -TB and MSDS\Hentzen\PI\MIL-PRF-85285E T2 PDS Rev 01 08.doc,,,,,,,,,Hentzen,Semi-gloss,"Mil-PRF-85285E, Type II"
FS 24172,32559GPX-T2,All Suppliers -TB and MSDS\Hentzen\PI\MIL-PRF-85285E T2 PDS Rev 01 08.doc,,,,,,,,,Hentzen,Semi-gloss,"Mil-PRF-85285E, Type II"
FS 24300,32207GPX-T2,All Suppliers -TB and MSDS\Hentzen\PI\MIL-PRF-85285E T2 PDS Rev 01 08.doc,,,,,,,,,Hentzen,Semi-gloss,"Mil-PRF-85285E, Type II"
FS 24410,32498GPX-T2,All Suppliers -TB and MSDS\Hentzen\PI\MIL-PRF-85285E T2 PDS Rev 01 08.doc,,,,,,,,,Hentzen,Semi-gloss,"Mil-PRF-85285E, Type II"
FS 24585,32321GPX-T2,All Suppliers -TB and MSDS\Hentzen\PI\MIL-PRF-85285E T2 PDS Rev 01 08.doc,,,,,,,,,Hentzen,Semi-gloss,"Mil-PRF-85285E, Type II"
FS 25048,32315BPX-T2,All Suppliers -TB and MSDS\Hentzen\PI\MIL-PRF-85285E T2 PDS Rev 01 08.doc,,,,,,,,,Hentzen,Semi-gloss,"Mil-PRF-85285E, Type II"
FS 25190,32541BPX-T2,All Suppliers -TB and MSDS\Hentzen\PI\MIL-PRF-85285E T2 PDS Rev 01 08.doc,,,,,,,,,Hentzen,Semi-gloss,"Mil-PRF-85285E, Type II"
FS 25237,32332APX-T2,All Suppliers -TB and MSDS\Hentzen\PI\MIL-PRF-85285E T2 PDS Rev 01 08.doc,,,,,,,,,Hentzen,Semi-gloss,"Mil-PRF-85285E, Type II"
FS 25488,32497BPX-T2,All Suppliers -TB and MSDS\Hentzen\PI\MIL-PRF-85285E T2 PDS Rev 01 08.doc,,,,,,,,,Hentzen,Semi-gloss,"Mil-PRF-85285E, Type II"
FS 25526,32569BPX-T2,All Suppliers -TB and MSDS\Hentzen\PI\MIL-PRF-85285E T2 PDS Rev 01 08.doc,,,,,,,,,Hentzen,Semi-gloss,"Mil-PRF-85285E, Type II"
FS 25550,32481BPX-T2,All Suppliers -TB and MSDS\Hentzen\PI\MIL-PRF-85285E T2 PDS Rev 01 08.doc,,,,,,,,,Hentzen,Semi-gloss,"Mil-PRF-85285E, Type II"
FS 26081,32586APX-T2,All Suppliers -TB and MSDS\Hentzen\PI\MIL-PRF-85285E T2 PDS Rev 01 08.doc,,,,,,,,,Hentzen,Semi-gloss,"Mil-PRF-85285E, Type II"
FS 26132,32542APX-T2,All Suppliers -TB and MSDS\Hentzen\PI\MIL-PRF-85285E T2 PDS Rev 01 08.doc,,,,,,,,,Hentzen,Semi-gloss,"Mil-PRF-85285E, Type II"
FS 26152,32333APX-T2,All Suppliers -TB and MSDS\Hentzen\PI\MIL-PRF-85285E T2 PDS Rev 01 08.doc,,,,,,,,,Hentzen,Semi-gloss,"Mil-PRF-85285E, Type II"
FS 26173,32292APX-T2,All Suppliers -TB and MSDS\Hentzen\PI\MIL-PRF-85285E T2 PDS Rev 01 08.doc,,,,,,,,,Hentzen,Semi-gloss,"Mil-PRF-85285E, Type II"
FS 26176,32316APX-T2,All Suppliers -TB and MSDS\Hentzen\PI\MIL-PRF-85285E T2 PDS Rev 01 08.doc,,,,,,,,,Hentzen,Semi-gloss,"Mil-PRF-85285E, Type II"
FS 26231,32274APX-T2,All Suppliers -TB and MSDS\Hentzen\PI\MIL-PRF-85285E T2 PDS Rev 01 08.doc,,,,,,,,,Hentzen,Semi-gloss,"Mil-PRF-85285E, Type II"
FS 26251,32282APX-T2,All Suppliers -TB and MSDS\Hentzen\PI\MIL-PRF-85285E T2 PDS Rev 01 08.doc,,,,,,,,,Hentzen,Semi-gloss,"Mil-PRF-85285E, Type II"
FS 26270,32273APX-T2,All Suppliers -TB and MSDS\Hentzen\PI\MIL-PRF-85285E T2 PDS Rev 01 08.doc,,,,,,,,,Hentzen,Semi-gloss,"Mil-PRF-85285E, Type II"
FS 26280,32543APX-T2,All Suppliers -TB and MSDS\Hentzen\PI\MIL-PRF-85285E T2 PDS Rev 01 08.doc,,,,,,,,,Hentzen,Semi-gloss,"Mil-PRF-85285E, Type II"
FS 26307,32215APX-T2,All Suppliers -TB and MSDS\Hentzen\PI\MIL-PRF-85285E T2 PDS Rev 01 08.doc,,,,,,,,,Hentzen,Semi-gloss,"Mil-PRF-85285E, Type II"
FS 26373,32565APX-T2,All Suppliers -TB and MSDS\Hentzen\PI\MIL-PRF-85285E T2 PDS Rev 01 08.doc,,,,,,,,,Hentzen,Semi-gloss,"Mil-PRF-85285E, Type II"
FS 26380,32584APX-T2,All Suppliers -TB and MSDS\Hentzen\PI\MIL-PRF-85285E T2 PDS Rev 01 08.doc,,,,,,,,,Hentzen,Semi-gloss,"Mil-PRF-85285E, Type II"
FS 26408,32538APX-T2,All Suppliers -TB and MSDS\Hentzen\PI\MIL-PRF-85285E T2 PDS Rev 01 08.doc,,,,,,,,,Hentzen,Semi-gloss,"Mil-PRF-85285E, Type II"
FS 26440,32251APX-T2,All Suppliers -TB and MSDS\Hentzen\PI\MIL-PRF-85285E T2 PDS Rev 01 08.doc,,,,,,,,,Hentzen,Semi-gloss,"Mil-PRF-85285E, Type II"
FS 26492,32304APX-T2,All Suppliers -TB and MSDS\Hentzen\PI\MIL-PRF-85285E T2 PDS Rev 01 08.doc,,,,,,,,,Hentzen,Semi-gloss,"Mil-PRF-85285E, Type II"
FS 26493,32509APX-T2,All Suppliers -TB and MSDS\Hentzen\PI\MIL-PRF-85285E T2 PDS Rev 01 08.doc,,,,,,,,,Hentzen,Semi-gloss,"Mil-PRF-85285E, Type II"
FS 26555,32499TPX-T2,All Suppliers -TB and MSDS\Hentzen\PI\MIL-PRF-85285E T2 PDS Rev 01 08.doc,,,,,,,,,Hentzen,Semi-gloss,"Mil-PRF-85285E, Type II"
FS 26559,32359APX-T2,All Suppliers -TB and MSDS\Hentzen\PI\MIL-PRF-85285E T2 PDS Rev 01 08.doc,,,,,,,,,Hentzen,Semi-gloss,"Mil-PRF-85285E, Type II"
FS 26586,32537TPX-T2,All Suppliers -TB and MSDS\Hentzen\PI\MIL-PRF-85285E T2 PDS Rev 01 08.doc,,,,,,,,,Hentzen,Semi-gloss,"Mil-PRF-85285E, Type II"
FS 26595,32472APX-T2,All Suppliers -TB and MSDS\Hentzen\PI\MIL-PRF-85285E T2 PDS Rev 01 08.doc,,,,,,,,,Hentzen,Semi-gloss,"Mil-PRF-85285E, Type II"
FS 26622,32312APX-T2,All Suppliers -TB and MSDS\Hentzen\PI\MIL-PRF-85285E T2 PDS Rev 01 08.doc,,,,,,,,,Hentzen,Semi-gloss,"Mil-PRF-85285E, Type II"
FS 27038,32235KPX-T2,All Suppliers -TB and MSDS\Hentzen\PI\MIL-PRF-85285E T2 PDS Rev 01 08.doc,,,,,,,,,Hentzen,Semi-gloss,"Mil-PRF-85285E, Type II"
FS 27769,32357TPX-T2,All Suppliers -TB and MSDS\Hentzen\PI\MIL-PRF-85285E T2 PDS Rev 01 08.doc,,,,,,,,,Hentzen,Semi-gloss,"Mil-PRF-85285E, Type II"
FS 27780,32348TPX-T2,All Suppliers -TB and MSDS\Hentzen\PI\MIL-PRF-85285E T2 PDS Rev 01 08.doc,,,,,,,,,Hentzen,Semi-gloss,"Mil-PRF-85285E, Type II"
FS 27855,32475WPX-T2,All Suppliers -TB and MSDS\Hentzen\PI\MIL-PRF-85285E T2 PDS Rev 01 08.doc,,,,,,,,,Hentzen,Semi-gloss,"Mil-PRF-85285E, Type II"
FS 27875,32218WPX-T2,All Suppliers -TB and MSDS\Hentzen\PI\MIL-PRF-85285E T2 PDS Rev 01 08.doc,,,,,,,,,Hentzen,Semi-gloss,"Mil-PRF-85285E, Type II"
FS 27886,32519WPX-T2,All Suppliers -TB and MSDS\Hentzen\PI\MIL-PRF-85285E T2 PDS Rev 01 08.doc,,,,,,,,,Hentzen,Semi-gloss,"Mil-PRF-85285E, Type II"
FS 27925,32360WPX-T2,All Suppliers -TB and MSDS\Hentzen\PI\MIL-PRF-85285E T2 PDS Rev 01 08.doc,,,,,,,,,Hentzen,Semi-gloss,"Mil-PRF-85285E, Type II"
,,,,,,,,,,,,,
Clear,32347CPX-T2,All Suppliers -TB and MSDS\Hentzen\PI\MIL-PRF-85285E T2 PDS Rev 01 08.doc,,,,,,,,,Hentzen,Flat,"Mil-PRF-85285E, Type II"
FS 30040,32577TPX-T2,All Suppliers -TB and MSDS\Hentzen\PI\MIL-PRF-85285E T2 PDS Rev 01 08.doc,,,,,,,,,Hentzen,Flat,"Mil-PRF-85285E, Type II"
FS 30140,32227TPX-T2,All Suppliers -TB and MSDS\Hentzen\PI\MIL-PRF-85285E T2 PDS Rev 01 08.doc,,,,,,,,,Hentzen,Flat,"Mil-PRF-85285E, Type II"
FS 30219,32358TPX-T2,All Suppliers -TB and MSDS\Hentzen\PI\MIL-PRF-85285E T2 PDS Rev 01 08.doc,,,,,,,,,Hentzen,Flat,"Mil-PRF-85285E, Type II"
FS 30257,32467TPX-T2,All Suppliers -TB and MSDS\Hentzen\PI\MIL-PRF-85285E T2 PDS Rev 01 08.doc,,,,,,,,,Hentzen,Flat,"Mil-PRF-85285E, Type II"
FS 30318,32579TPX-T2,All Suppliers -TB and MSDS\Hentzen\PI\MIL-PRF-85285E T2 PDS Rev 01 08.doc,,,,,,,,,Hentzen,Flat,"Mil-PRF-85285E, Type II"
FS 31136,32353RPX-T2,All Suppliers -TB and MSDS\Hentzen\PI\MIL-PRF-85285E T2 PDS Rev 01 08.doc,,,,,,,,,Hentzen,Flat,"Mil-PRF-85285E, Type II"
FS 33446,32219TPX-T2,All Suppliers -TB and MSDS\Hentzen\PI\MIL-PRF-85285E T2 PDS Rev 01 08.doc,,,,,,,,,Hentzen,Flat,"Mil-PRF-85285E, Type II"
FS 33531,32513TPX-T2,All Suppliers -TB and MSDS\Hentzen\PI\MIL-PRF-85285E T2 PDS Rev 01 08.doc,,,,,,,,,Hentzen,Flat,"Mil-PRF-85285E, Type II"
FS 33538,32361YPX-T2,All Suppliers -TB and MSDS\Hentzen\PI\MIL-PRF-85285E T2 PDS Rev 01 08.doc,,,,,,,,,Hentzen,Flat,"Mil-PRF-85285E, Type II"
FS 33617,32563TPX-T2,All Suppliers -TB and MSDS\Hentzen\PI\MIL-PRF-85285E T2 PDS Rev 01 08.doc,,,,,,,,,Hentzen,Flat,"Mil-PRF-85285E, Type II"
FS 34031,32320GPX-T2,All Suppliers -TB and MSDS\Hentzen\PI\MIL-PRF-85285E T2 PDS Rev 01 08.doc,,,,,,,,,Hentzen,Flat,"Mil-PRF-85285E, Type II"
FS 34052,32250GPX-T2,All Suppliers -TB and MSDS\Hentzen\PI\MIL-PRF-85285E T2 PDS Rev 01 08.doc,,,,,,,,,Hentzen,Flat,"Mil-PRF-85285E, Type II"
FS 34079,32224GPX-T2,All Suppliers -TB and MSDS\Hentzen\PI\MIL-PRF-85285E T2 PDS Rev 01 08.doc,,,,,,,,,Hentzen,Flat,"Mil-PRF-85285E, Type II"
FS 34088,32230GPX-T2,All Suppliers -TB and MSDS\Hentzen\PI\MIL-PRF-85285E T2 PDS Rev 01 08.doc,,,,,,,,,Hentzen,Flat,"Mil-PRF-85285E, Type II"
FS 34102,32287GPX-T2,All Suppliers -TB and MSDS\Hentzen\PI\MIL-PRF-85285E T2 PDS Rev 01 08.doc,,,,,,,,,Hentzen,Flat,"Mil-PRF-85285E, Type II"
FS 34424,32477GPX-T2,All Suppliers -TB and MSDS\Hentzen\PI\MIL-PRF-85285E T2 PDS Rev 01 08.doc,,,,,,,,,Hentzen,Flat,"Mil-PRF-85285E, Type II"
FS 34516,32568GPX-T2,All Suppliers -TB and MSDS\Hentzen\PI\MIL-PRF-85285E T2 PDS Rev 01 08.doc,,,,,,,,,Hentzen,Flat,"Mil-PRF-85285E, Type II"
FS 35048,32317BPX-T2,All Suppliers -TB and MSDS\Hentzen\PI\MIL-PRF-85285E T2 PDS Rev 01 08.doc,,,,,,,,,Hentzen,Flat,"Mil-PRF-85285E, Type II"
FS 35109,32526BPX-T2,All Suppliers -TB and MSDS\Hentzen\PI\MIL-PRF-85285E T2 PDS Rev 01 08.doc,,,,,,,,,Hentzen,Flat,"Mil-PRF-85285E, Type II"
FS 35237,32238APX-T2,All Suppliers -TB and MSDS\Hentzen\PI\MIL-PRF-85285E T2 PDS Rev 01 08.doc,,,,,,,,,Hentzen,Flat,"Mil-PRF-85285E, Type II"
FS 36081,32398APX-T2,All Suppliers -TB and MSDS\Hentzen\PI\MIL-PRF-85285E T2 PDS Rev 01 08.doc,,,,,,,,,Hentzen,Flat,"Mil-PRF-85285E, Type II"
FS 36099,32578APX-T2,All Suppliers -TB and MSDS\Hentzen\PI\MIL-PRF-85285E T2 PDS Rev 01 08.doc,,,,,,,,,Hentzen,Flat,"Mil-PRF-85285E, Type II"
FS 36118,32148APX-T2,All Suppliers -TB and MSDS\Hentzen\PI\MIL-PRF-85285E T2 PDS Rev 01 08.doc,,,,,,,,,Hentzen,Flat,"Mil-PRF-85285E, Type II"
FS 36152,32191APX-T2,All Suppliers -TB and MSDS\Hentzen\PI\MIL-PRF-85285E T2 PDS Rev 01 08.doc,,,,,,,,,Hentzen,Flat,"Mil-PRF-85285E, Type II"
FS 36170,32512APX-T2,All Suppliers -TB and MSDS\Hentzen\PI\MIL-PRF-85285E T2 PDS Rev 01 08.doc,,,,,,,,,Hentzen,Flat,"Mil-PRF-85285E, Type II"
FS 36173,32226APX-T2,All Suppliers -TB and MSDS\Hentzen\PI\MIL-PRF-85285E T2 PDS Rev 01 08.doc,,,,,,,,,Hentzen,Flat,"Mil-PRF-85285E, Type II"
FS 36176,32242APX-T2,All Suppliers -TB and MSDS\Hentzen\PI\MIL-PRF-85285E T2 PDS Rev 01 08.doc,,,,,,,,,Hentzen,Flat,"Mil-PRF-85285E, Type II"
FS 36231,32239APX-T2,All Suppliers -TB and MSDS\Hentzen\PI\MIL-PRF-85285E T2 PDS Rev 01 08.doc,,,,,,,,,Hentzen,Flat,"Mil-PRF-85285E, Type II"
FS 36251,32241APX-T2,All Suppliers -TB and MSDS\Hentzen\PI\MIL-PRF-85285E T2 PDS Rev 01 08.doc,,,,,,,,,Hentzen,Flat,"Mil-PRF-85285E, Type II"
FS 36270,32256APX-T2,All Suppliers -TB and MSDS\Hentzen\PI\MIL-PRF-85285E T2 PDS Rev 01 08.doc,,,,,,,,,Hentzen,Flat,"Mil-PRF-85285E, Type II"
FS 36293,32266APX-T2,All Suppliers -TB and MSDS\Hentzen\PI\MIL-PRF-85285E T2 PDS Rev 01 08.doc,,,,,,,,,Hentzen,Flat,"Mil-PRF-85285E, Type II"
FS 36300,32536APX-T2,All Suppliers -TB and MSDS\Hentzen\PI\MIL-PRF-85285E T2 PDS Rev 01 08.doc,,,,,,,,,Hentzen,Flat,"Mil-PRF-85285E, Type II"
FS 36306,32485APX-T2,All Suppliers -TB and MSDS\Hentzen\PI\MIL-PRF-85285E T2 PDS Rev 01 08.doc,,,,,,,,,Hentzen,Flat,"Mil-PRF-85285E, Type II"
FS 36307,32334APX-T2,All Suppliers -TB and MSDS\Hentzen\PI\MIL-PRF-85285E T2 PDS Rev 01 08.doc,,,,,,,,,Hentzen,Flat,"Mil-PRF-85285E, Type II"
FS 36320,32240APX-T2,All Suppliers -TB and MSDS\Hentzen\PI\MIL-PRF-85285E T2 PDS Rev 01 08.doc,,,,,,,,,Hentzen,Flat,"Mil-PRF-85285E, Type II"
FS 36373,32508APX-T2,All Suppliers -TB and MSDS\Hentzen\PI\MIL-PRF-85285E T2 PDS Rev 01 08.doc,,,,,,,,,Hentzen,Flat,"Mil-PRF-85285E, Type II"
FS 36375,32224APX-T2,All Suppliers -TB and MSDS\Hentzen\PI\MIL-PRF-85285E T2 PDS Rev 01 08.doc,,,,,,,,,Hentzen,Flat,"Mil-PRF-85285E, Type II"
FS 36440,32249APX-T2,All Suppliers -TB and MSDS\Hentzen\PI\MIL-PRF-85285E T2 PDS Rev 01 08.doc,,,,,,,,,Hentzen,Flat,"Mil-PRF-85285E, Type II"
FS 36492,32335APX-T2,All Suppliers -TB and MSDS\Hentzen\PI\MIL-PRF-85285E T2 PDS Rev 01 08.doc,,,,,,,,,Hentzen,Flat,"Mil-PRF-85285E, Type II"
FS 36495,32245APX-T2,All Suppliers -TB and MSDS\Hentzen\PI\MIL-PRF-85285E T2 PDS Rev 01 08.doc,,,,,,,,,Hentzen,Flat,"Mil-PRF-85285E, Type II"
FS 36555,32356TPX-T2,All Suppliers -TB and MSDS\Hentzen\PI\MIL-PRF-85285E T2 PDS Rev 01 08.doc,,,,,,,,,Hentzen,Flat,"Mil-PRF-85285E, Type II"
FS 36586,32560TPX-T2,All Suppliers -TB and MSDS\Hentzen\PI\MIL-PRF-85285E T2 PDS Rev 01 08.doc,,,,,,,,,Hentzen,Flat,"Mil-PRF-85285E, Type II"
FS 36622,32254APX-T2,All Suppliers -TB and MSDS\Hentzen\PI\MIL-PRF-85285E T2 PDS Rev 01 08.doc,,,,,,,,,Hentzen,Flat,"Mil-PRF-85285E, Type II"
FS 37038,32205KPX-T2,All Suppliers -TB and MSDS\Hentzen\PI\MIL-PRF-85285E T2 PDS Rev 01 08.doc,,,,,,,,,Hentzen,Flat,"Mil-PRF-85285E, Type II"
FS 37200,32444APX-T2,All Suppliers -TB and MSDS\Hentzen\PI\MIL-PRF-85285E T2 PDS Rev 01 08.doc,,,,,,,,,Hentzen,Flat,"Mil-PRF-85285E, Type II"
FS 37855,32476WPX-T2,All Suppliers -TB and MSDS\Hentzen\PI\MIL-PRF-85285E T2 PDS Rev 01 08.doc,,,,,,,,,Hentzen,Flat,"Mil-PRF-85285E, Type II"
FS 37875,32275WPX-T2,All Suppliers -TB and MSDS\Hentzen\PI\MIL-PRF-85285E T2 PDS Rev 01 08.doc,,,,,,,,,Hentzen,Flat,"Mil-PRF-85285E, Type II"
FS 37886,32418WPX-T2,All Suppliers -TB and MSDS\Hentzen\PI\MIL-PRF-85285E T2 PDS Rev 01 08.doc,,,,,,,,,Hentzen,Flat,"Mil-PRF-85285E, Type II"
FS 37925,32203WPX-T2,All Suppliers -TB and MSDS\Hentzen\PI\MIL-PRF-85285E T2 PDS Rev 01 08.doc,,,,,,,,,Hentzen,Flat,"Mil-PRF-85285E, Type II"
